Fleischer,David,DavidFleischer@dayrep.com,"Schaarsteinweg 90",93099,Mötzing,"09429 81 52 82"
Reiniger,Stefan,,"Boxhagener Str. 18",22457,"Hamburg Eidelstedt","040 79 32 55"
Mueller,Benjamin,,"Brandenburgische Straße 68",13505,"Berlin Konradshöhe","030 82 58 72"
Feierabend,Heike,HeikeFeierabend@rhyta.com,"Luebeckertordamm 40",92306,Neumarkt,"09181 82 29 05"
Maurer,René,ReneMaurer@teleworm.us,"Spresstrasse 44",24950,Harrislee,"0461 20 43 20"
Freeh,Dieter,DieterFreeh@dayrep.com,"Langenhorner Chaussee 28",93430,Furth,"08704 80 86 16"
,Erik,ErikBaader@gustr.com,"Rosenstrasse 80",81313,München,"089 19 76 71"
Holtzmann,Eric,EricHoltzmann@rhyta.com,"Kantstraße 57",98607,Meiningen,"03693 17 18 71"
,Vanessa,VanessaFriedman@jourrapide.com,"Hoheluftchaussee 6",04435,Schkeuditz,"034204 42 40"
Wechsler,Lea,,"Schönhauser Allee 52",79194,Heuweiler,"07666 51 39 65"
Rothstein,Daniela,DanielaRothstein@armyspy.com,"Gotthardstrasse 57",09006,Chemnitz,"0371 36 99 57"
Koertig,Kristin,KristinKoertig@armyspy.com,"Brandenburgische Str 83",56329,"Sankt Goar","06741 64 04 09"
Wexler,Michael,MichaelWexler@rhyta.com,"Neuer Jungfernstieg 17",84302,Eggenfelden,"08721 89 24 69"
Meister,Mandy,,"Unter den Linden 4",28195,"Bremen Altstadt","0421 69 90 69"
Ackermann,Petra,PetraAckermann@dayrep.com,"Lietzenburger Straße 90",48499,Salzbergen,"05923 91 37 09"
,Andrea,AndreaWagner@teleworm.us,"Park Str. 77",42657,"Solingen Höhscheid","0212 55 97 31"
,Anna,AnnaWeissmuller@jourrapide.com,"Kurfuerstendamm 42",82159,Gräfelfing,"089 89 51 05"
Kruger,Karolin,KarolinKruger@armyspy.com,"Brandenburgische Strasse 18",76829,"Landau in der Pfalz","06341 65 41 48"
Schreiber,Andreas,,"Grolmanstraße 96",28759,"Bremen Sankt Magnus","0421 22 55 87"
Saenger,Ulrich,UlrichSaenger@dayrep.com,"Fugger Strasse 64",06824,Dessau,"0340 20 29 63"
Roth,Christina,,"Rudolstaedter Strasse 94",63748,Alzenau,"06023 99 64 86"
Scholz,Uta,UtaScholz@einrot.com,"Pappelallee 53",17440,Bauer,"036945 44 95"
,René,ReneSchweizer@superrito.com,"Pappelallee 82",09522,Olbernhau,"037360 64 77"
Feierabend,Patrick,PatrickFeierabend@fleckens.hu,"Landsberger Allee 98",80052,München,"089 41 44 98"
Schröder,Anna,,"Hermannstrasse 99",67577,Alsheim,"06249 99 52 99"
Bergmann,Markus,MarkusBergmann@cuvox.de,"Waßmannsdorfer Chaussee 87",21039,"Hamburg Altengamme","040 94 62 95"
Abend,Kristian,,"Budapester Strasse 48",24631,Langwedel,"04329 23 81 81"
Gärtner,Christian,ChristianGartner@dayrep.com,"Brandenburgische Straße 94",12109,"Berlin Mariendorf","030 82 39 01"
Gruenewald,Barbara,,"Anhalter Strasse 92",67813,Gerbach,"06361 59 23 21"
Weiss,Jonas,JonasWeiss@teleworm.us,"Kirchenallee 20",94508,Schöllnach,"09907 59 09 01"
Furst,Sara,SaraFurst@einrot.com,"Kurfürstenstraße 43",74395,Mundelsheim,"07143 89 22 66"
Schulze,Simone,SimoneSchulze@cuvox.de,"Unter den Linden 18",39004,Magdeburg,"0391 69 19 15"
,Uwe,UweVogt@dayrep.com,"Billwerder Neuer Deich 19",95486,Eckersdorf,"09271 94 05 75"
Hueber,Steffen,SteffenHueber@einrot.com,"Fugger Strasse 36",46485,Wesel,"0281 97 60 84"
Gerste,Karin,,"Lützowplatz 11",54578,Basberg,"06593 13 54 83"
,Yvonne,YvonneSchultheiss@einrot.com,"Karl-Liebknecht-Strasse 87",24562,Kaltenkirchen,"04191 20 38 62"
,Kristian,KristianLang@teleworm.us,"Knesebeckstrasse 53",57632,Kescheid,"02685 69 01 91"
Schreiber,Heike,HeikeSchreiber@fleckens.hu,"Karl-Liebknecht-Strasse 62",27324,Hämelhausen,"04254 83 58 27"
Schulze,Simone,SimoneSchulze@cuvox.de,"Unter den Linden 18",39004,Magdeburg,"0391 69 19 15"
,Ralf,RalfFrueh@rhyta.com,"Straße der Pariser Kommune 20",53125,Bonn,"0228 72 88 40"
Gruenewald,Mike,MikeGruenewald@gustr.com,"An der Alster 68",19240,Wittenburg,"038852 56 65"
Nacht,Brigitte,,"Kantstraße 69",08203,Auerbach,"03721 92 46 97"
Hofmann,Gabriele,,"Mollstrasse 92",82418,Hofheim,"06122 56 20 29"
,Anne,AnneSchultz@fleckens.hu,"Pohlstrasse 49",38368,Querenhorst,"05356 72 33 63"
Scherer,Mandy,MandyScherer@jourrapide.com,"Lützowplatz 55",54316,Franzenheim,"06588 96 87 74"
Fuhrmann,Sven,,"Schoenebergerstrasse 14",18320,Ahrenshagen,"03821 99 54 62"
Kaufmann,Frank,FrankKaufmann@rhyta.com,"Eichendorffstr. 83",88379,Unterwaldhausen,"07505 39 56 13"
Mehler,Mike,MikeMehler@einrot.com,"Stresemannstr. 93",66770,Schwalbach,"06831 42 59 44"
Schweizer,René,ReneSchweizer@superrito.com,"Pappelallee 82",09522,Olbernhau,"037360 64 77"
König,Jürgen,JurgenKonig@superrito.com,"Bayreuther Strasse 65",89081,"Ulm Ermingen","073 43 84 86"
,Marina,MarinaBraun@rhyta.com,"Schmarjestrasse 70",15896,Neuzelle,"033652 73 49"
Möller,Thorsten,,"Waldowstr. 73",83737,Irschenberg,"08020 38 51 89"
Peters,Sabrina,SabrinaPeters@jourrapide.com,"Gotzkowskystrasse 4",54538,Hontheim,"02674 81 14 71"
Muench,Thomas,ThomasMuench@einrot.com,"Konstanzer Strasse 81",64380,Roßdorf,"06071 23 99 30"
Huber,Stephanie,StephanieHuber@jourrapide.com,"Rudower Chaussee 31",97664,"Bad Kissingen","0971 23 28 03"
,Uta,UtaBayer@fleckens.hu,"Park Str. 16",42651,"Solingen Gräfrath","0212 62 81 57"
,Thomas,ThomasNussbaum@armyspy.com,"Bissingzeile 87",27432,Hipstedt,"04761 10 84 15"
Kuester,Michelle,,"Albrechtstrasse 54",83267,Traunstein,"0861 42 24 94"
Scherer,Sabrina,,"Kantstraße 17",69190,Walldorf,"03693 98 88 68"
Gloeckner,Nadine,,"Spresstrasse 37",33729,"Bielefeld Brake","0521 45 29 91"
Kunze,Alexander,AlexanderKunze@gustr.com,"Pasewalker Straße 7",76534,Baden-Baden,"07221 25 77 43"
Holzman,Kevin,KevinHolzman@gustr.com,"Anhalter Strasse 54",91572,Bechhofen,"06372 35 89 95"
Krueger,Steffen,SteffenKrueger@fleckens.hu,"Brandenburgische Straße 24",12103,"Berlin Mariendorf","030 88 77 28"
,Maik,MaikLuft@einrot.com,"Heiligengeistbrücke 35",91557,Heilsbronn,"09872 21 19 57"
Daecher,Torsten,TorstenDaecher@einrot.com,"Kantstraße 33",36423,"Bad Salzungen","03695 72 12 88"
Gloeckner,Leon,,"Gotzkowskystrasse 78",57612,Ölsen,"02681 61 96 66"
Glockner,Klaus,,"Bissingzeile 92",27616,Appeln,"04747 82 16 80"
,Maria,MariaEggers@superrito.com,"Rudolstaedter Strasse 70",63757,Großostheim,"06026 45 69 05"
,Wolfgang,WolfgangBayer@armyspy.com,"Augsburger Strasse 84",57290,Neunkirchen,"02735 51 64 31"
Herman,Jürgen,,"Feldstrasse 28",39165,Niederndodeleben,"039204 10 17"
Propst,Leon,LeonPropst@superrito.com,"Ufnau Strasse 4",87648,Aitrang,"08343 94 48 56"
Sommer,Uwe,UweSommer@gustr.com,"Kurfürstenstraße 97",73574,Iggingen,"07175 37 63 93"
Kaiser,Swen,SwenKaiser@fleckens.hu,"Heinrich Heine Platz 31",02603,Bautzen,"03591 61 47 90"
,Nadine,NadineHertz@gustr.com,"Karl-Liebknecht-Strasse 82",24568,Kaltenkirchen,"04191 14 14 32"
Zimmer,Uwe,UweZimmer@jourrapide.com,"Mollstrasse 48",65396,Walluf,"06123 99 87 26"
,Martin,MartinKuhn@rhyta.com,"Brandenburgische Straße 98",13088,"Berlin Malchow","030 86 08 01"
Fassbinder,Stephanie,,"Paul-Nevermann-Platz 35",97408,Schweinfurt,"09721 41 44 22"
,Lukas,LukasFischer@einrot.com,"Leipziger Strasse 58",67059,"Ludwigshafen am Rhein Friesenheim","0621 23 43 61"
Lange,Martina,MartinaLange@einrot.com,"Mellingburgredder 13",91020,Erlangen,"09131 78 04 25"
,Alexander,AlexanderWirth@teleworm.us,"Lietzensee-Ufer 75",01782,Pirna,"03501 50 91 43"
Pfeifer,Phillipp,PhillippPfeifer@rhyta.com,"Paul-Nevermann-Platz 79",97712,Oerlenbach,"09725 12 90 47"
Ritter,Phillipp,PhillippRitter@fleckens.hu,"Luebeckertordamm 93",90608,Winkelhaid,"09187 82 67 94"
Baier,Phillipp,,"Ruschestrasse 90",38866,Ilsenburg,"03943 27 48 69"
Kaestner,Tobias,TobiasKaestner@dayrep.com,"Fugger Strasse 67",56077,"Koblenz Ehrenbreitstein","0261 70 42 67"
,Phillipp,PhillippGottlieb@superrito.com,"Guentzelstrasse 14",34599,Neuental,"06693 51 86 82"
Fleischer,Patrick,PatrickFleischer@teleworm.us,"An der Schillingbrucke 47",89179,Beimerstetten,"07348 86 54 00"
Foerster,Sara,SaraFoerster@rhyta.com,"Rathausstrasse 61",90768,Fürth,"0911 74 35 02"
Faerber,Ralf,RalfFaerber@einrot.com,"Budapester Strasse 48",24631,Langwedel,"04329 23 87 67"
,Ulrich,UlrichKeller@teleworm.us,"Ellmenreichstrasse 26",91338,Igensdorf,"09192 58 37 22"
Hoch,Sabrina,SabrinaHoch@fleckens.hu,"Invalidenstrasse 84",66500,Mauschbach,"06338 92 49 72"
Baecker,Jan,,"Prenzlauer Allee 27",04252,Leipzig,"0341 81 87 72"
Pfeifer,Marina,MarinaPfeifer@teleworm.us,"Gotzkowskystrasse 40",56825,Gillenbeuren,"02677 36 44 18"
Saenger,Sabine,SabineSaenger@gustr.com,"Hochstrasse 18",25852,Bordelum,"04671 12 87 39"
Walter,Kerstin,KerstinWalter@armyspy.com,"Eschenweg 41",99869,Ballstädt,"03643 23 57 31"
,Matthias,MatthiasTheiss@fleckens.hu,"Sonnenallee 20",79111,"Freiburg Stadt","0761 40 59 91"
Decker,Andrea,AndreaDecker@cuvox.de,"Rudower Chaussee 80",46242,"Bottrop Süd","02045 71 40 27"
Winkel,Lucas,,"Friedrichstrasse 43",40210,"Düsseldorf Friedrichstadt","0211 20 48 21"
Fischer,Jessika,JessikaFischer@teleworm.us,"Ansbacher Strasse 44",56843,Irmenach,"06541 26 21 60"
,Michael,MichaelWannemaker@dayrep.com,"Albrechtstrasse 22",85006,Ingolstadt,"0841 15 80 54"
Hoover,Kevin,KevinHoover@gustr.com,"Kirchenallee 41",93474,Arrach,"09943 40 69 48"
Bürger,Patrick,,"Friedrichstrasse 27",45891,Gelsenkirchen,"0209 61 23 08"
,Felix,FelixFeierabend@einrot.com,"Eschenweg 74",07306,Saalfeld,"03671 79 86 60"
,Leon,LeonSchmidt@teleworm.us,"Augsburger Strasse 66",53539,Brücktal,"02692 75 17 72"
Schulze,Marko,MarkoSchulze@fleckens.hu,"Invalidenstrasse 97",76835,"Weyher in der Pfalz","06323 29 65 97"
Faber,Tobias,TobiasFaber@jourrapide.com,"Lützowplatz 77",54429,Mandern,"06589 64 46 63"
,Monika,MonikaSeiler@fleckens.hu,"Hans-Grade-Allee 29",23818,Neuengörs,"04550 55 30 81"
,Susanne,SusanneKortig@dayrep.com,"Bayreuther Strasse 39",89075,"Ulm Böfingen","073 45 04 19"
Ebersbach,Klaus,,"Koenigstrasse 11",99516,"Bad Sulza","036461 50 70"
Eisenhauer,Jana,,"Karl-Liebknecht-Strasse 50",27367,Hassendorf,"04264 30 34 26"
Lehrer,Martin,,"Chausseestr. 64",25412,Pinneberg,"04101 52 08 80"
Beich,Ralf,RalfBeich@jourrapide.com,"Bayreuther Strasse 26",72760,"Reutlingen Nordstadt","071 87 67 47"
Lehmann,Leon,LeonLehmann@teleworm.us,"Luetzowplatz 20",77933,Lahr,"06566 24 15 61"
Schulze,Luca,,"Luckenwalder Strasse 55",31867,Hülsede,"05043 79 49 09"
,Karin,KarinFrueh@gustr.com,"Waldowstr. 23",83707,"Bad Wiessee","08022 36 38 00"
Walter,Christian,,"Charlottenstrasse 18",01732,Rabenau,"0351 55 09 20"
Meister,Anna,,"Eschenweg 78",07982,Elsterberg,"03661 55 25 68"
Eisenhower,Niklas,NiklasEisenhower@teleworm.us,"Frankfurter Allee 48",76131,"Karlsruhe Südweststadt","0721 26 97 32"
,Ulrike,UlrikeBaecker@jourrapide.com,"Kirchenallee 83",93471,Arnbruck,"09945 74 31 71"
Gruenewald,Matthias,,"Schmarjestrasse 78",14552,Fresdorf,"033205 45 19"
Fleischer,Patrick,,"An der Schillingbrucke 47",89179,Beimerstetten,"07348 86 54 00"
,Silke,SilkeBlau@einrot.com,"Kastanienallee 37",26835,Firrel,"04946 57 55 14"
Luft,Stefanie,StefanieLuft@einrot.com,"Hollander Strasse 24",65558,Lohrheim,"06432 44 00 27"
Mueller,Michael,,"Kurfürstendamm 25",18181,Rostock,"0381 79 45 33"
Reinhard,Dominik,DominikReinhard@jourrapide.com,"Hardenbergstraße 93",24373,Kappeln,"06385 90 40 95"
,Torsten,TorstenNeustadt@gustr.com,"Genterstrasse 53",24063,Kiel,"0431 90 76 00"
,Jessika,JessikaNeudorf@gustr.com,"Ziegelstr. 29",08263,Erlbach,"08572 58 37 00"
Huber,Mandy,MandyHuber@dayrep.com,"Fasanenstrasse 19",22547,"Hamburg Osdorf","040 79 92 84"
Weissmuller,Lucas,LucasWeissmuller@superrito.com,"Mohrenstrasse 36",88499,Emeringen,"07373 22 99 97"
Mueller,Jessika,JessikaMueller@einrot.com,"Alsterkrugchaussee 1",91101,Schwabach,"09122 27 11 42"
,Sabrina,SabrinaNagel@gustr.com,"Luckenwalder Strasse 25",31619,Binnen,"05023 66 97 34"
Kaestner,Tobias,,"Fugger Strasse 67",56077,"Koblenz Ehrenbreitstein","0261 70 42 67"
Brauer,Philipp,PhilippBrauer@cuvox.de,"Ansbacher Strasse 32",54614,Dingdorf,"06553 32 60 57"
Bachmeier,Christina,ChristinaBachmeier@armyspy.com,"Schönwalder Allee 60",23769,Bannesdorf,"04371 79 20 31"
,Maximilian,MaximilianKoenig@jourrapide.com,"Joachimstaler Str. 75",56288,Kastellaun,"06762 30 11 49"
Scholz,Jan,JanScholz@armyspy.com,"Reeperbahn 31",24207,Preetz,"038323 14 68"
Fuchs,Christin,ChristinFuchs@teleworm.us,"Potsdamer Platz 38",88108,Lindau,"08382 30 37 55"
Boehm,Sebastian,SebastianBoehm@armyspy.com,"Ruschestrasse 63",23957,Wismar,"03841 92 60 59"
,Tom,TomHimmel@fleckens.hu,"Rohrdamm 74",32049,"Herford Falkendiek","05221 53 31 92"
Pfeffer,Marcel,MarcelPfeffer@jourrapide.com,"Prager Str 6",85313,Freising,"08161 85 09 11"
Sanger,Katja,KatjaSanger@teleworm.us,"Brandenburgische Str 86",56291,Steinbach,"06746 82 53 58"
,Jonas,JonasNagel@dayrep.com,"Brandenburgische Str 74",55606,Meckenbach,"06752 38 62 65"
Schultheiss,Ulrike,UlrikeSchultheiss@rhyta.com,"Spresstrasse 40",33617,"Bielefeld Gadderbaum","0521 63 76 88"
Junker,Kerstin,KerstinJunker@teleworm.us,"Bleibtreustraße 50",78269,Volkertshausen,"07774 50 96 43"
,Sebastian,SebastianLehrer@cuvox.de,"Gotthardstrasse 92",07515,Gera,"0365 70 42 60"
Baumgaertner,Maik,MaikBaumgaertner@superrito.com,"Guentzelstrasse 45",54570,Weidenbach,"06599 96 75 43"
Beike,Matthias,MatthiasBeike@dayrep.com,"Grolmanstraße 95",28359,"Bremen Lehe","0421 57 50 71"
Herman,Jürgen,,"Feldstrasse 28",39165,Niederndodeleben,"039204 10 17"
Urner,Michelle,MichelleUrner@cuvox.de,"Leipziger Straße 97",37197,Hattorf,"05584 65 99 66"
Grunwald,Florian,FlorianGrunwald@superrito.com,"Koenigstrasse 23",99897,Tambach-Dietharz,"036252 51 43"
,David,DavidMahler@jourrapide.com,"Prenzlauer Allee 10",04009,Leipzig,"0341 86 11 08"
Abendroth,Uwe,UweAbendroth@superrito.com,"Esplanade 97",97357,Prichsenstadt,"09382 30 66 89"
,Felix,FelixLoewe@teleworm.us,"Mohrenstrasse 80",89604,Allmendingen,"07384 13 23 24"
Maurer,Nadine,,"An Der Urania 20",25724,Neufeld,"04851 25 47 18"
Nadel,Jana,JanaNadel@superrito.com,"Meininger Strasse 19",66557,Illingen,"06825 77 55 05"
Lemann,Erik,ErikLemann@einrot.com,"Neue Roßstr. 71",85093,Denkendorf,"0711 41 54 39"
Cole,Stephanie,StephanieCole@fleckens.hu,"Guentzelstrasse 35",34637,Schrecksbach,"06698 27 01 10"
Gruenewald,Julia,JuliaGruenewald@dayrep.com,"Luebeckertordamm 30",91238,Engelthal,"09158 38 16 12"
Hahn,Christin,ChristinHahn@rhyta.com,"Buelowstrasse 93",57629,Streithausen,"02662 76 11 34"
,Claudia,ClaudiaTraugott@rhyta.com,"Neue Roßstr. 22",55593,Rüdesheim,"0671 52 27 07"
,Steffen,SteffenBaumgartner@superrito.com,"Prager Str 53",82256,Fürstenfeldbruck,"08141 27 91 96"
Ehrlichmann,Juliane,JulianeEhrlichmann@fleckens.hu,"Rathausstrasse 19",90562,Heroldsberg,"0911 55 46 39"
,Felix,FelixMaurer@fleckens.hu,"Nuernbergerstrasse 29",49696,Molbergen,"04471 22 49 18"
Unger,Christin,ChristinUnger@cuvox.de,"Knesebeckstrasse 4",57614,Borod,"02688 68 73 97"
Herzog,Swen,SwenHerzog@jourrapide.com,"Guentzelstrasse 28",36166,Haunetal,"06673 16 63 74"
Eggers,Johanna,,"Feldstrasse 18",17327,Penkun,"039751 10 66"
Pfaff,Peter,PeterPfaff@superrito.com,"Kastanienallee 42",26529,Osteel,"04934 52 20 18"
Koertig,Patrick,,"Kantstraße 38",09241,Mühlau,"03722 89 62 88"
,Monika,MonikaWeiss@cuvox.de,"Ellmenreichstrasse 14",91294,Forchheim,"09191 22 73 54"
Freytag,Bernd,BerndFreytag@cuvox.de,"Pohlstrasse 72",38462,Grafhorst,"05364 46 67 59"
,Max,MaxFaust@rhyta.com,"Neue Roßstr. 21",54295,"Trier Trier-Ost","0651 74 31 35"
Finkel,Silke,,"Lietzenburger Strasse 60",51469,"Bergisch Gladbach Hand","02202 84 90 99"
Richter,Alexander,AlexanderRichter@teleworm.us,"Stuttgarter Platz 16",56412,Untershausen,"02602 93 47 49"
Duerr,Felix,,"Mühlenstrasse 7",93001,Regensburg,"0941 79 18 28"
Hofmann,Gabriele,GabrieleHofmann@teleworm.us,"Mollstrasse 92",82418,Hofheim,"06122 56 20 29"
,Sven,SvenBaier@fleckens.hu,"Prager Str 51",82344,Andechs,"08152 87 00 84"
,Sabrina,SabrinaKohl@gustr.com,"Kurfürstendamm 17",18126,Rostock,"0381 22 61 39"
Waechter,Maximilian,,"Mühlenstrasse 72",93041,Regensburg,"0941 75 67 41"
Sanger,Claudia,,"Brandenburgische Straße 39",10179,"Berlin Mitte","030 40 74 88"
Lang,Marco,MarcoLang@gustr.com,"Meininger Strasse 13",66643,Marpingen,"06827 50 34 57"
,Maik,MaikHerman@dayrep.com,"Hoheluftchaussee 55",04564,Böhlen,"034206 20 37"
Biermann,Swen,SwenBiermann@dayrep.com,"An der Schillingbrucke 12",73434,"Aalen Dewangen","07361 13 58 74"
,Matthias,MatthiasEgger@dayrep.com,"Hollander Strasse 32",56379,Geilnau,"06439 73 90 03"
Feierabend,Felix,,"Eschenweg 74",07306,Saalfeld,"03671 79 86 60"
Schuster,Jörg,JorgSchuster@superrito.com,"Jenaer Strasse 60",46049,"Oberhausen Alstaden","0208 13 65 73"
Grunwald,Sven,SvenGrunwald@cuvox.de,"Genslerstraße 3",10785,"Berlin Schöneberg","030 87 01 20"
Schwab,Sabine,SabineSchwab@teleworm.us,"Kirchenallee 83",94426,Eichendorf,"09952 32 75 35"
Baumgaertner,Phillipp,,"Schönwalder Allee 21",23740,Grömitz,"04363 50 22 77"
,Michael,MichaelSchuhmacher@cuvox.de,"Genslerstraße 28",10785,"Berlin Tiergarten","030 30 54 03"
Burger,Manuela,ManuelaBurger@gustr.com,"Friedrichstrasse 9",40213,"Düsseldorf Altstadt","0211 49 12 75"
Fruehauf,Daniela,,"Prenzlauer Allee 92",04275,Leipzig,"0341 62 03 12"
,Sebastian,SebastianPfeifer@cuvox.de,"Holstenwall 67",06386,Chörau,"034909 79 44"
,Anna,AnnaDuerr@cuvox.de,"Langenhorner Chaussee 48",84483,Burghausen,"08677 32 80 94"
Lang,Jens,JensLang@armyspy.com,"Hardenbergstraße 46",24372,Kappeln,"06385 93 08 10"
Schweizer,Jan,JanSchweizer@rhyta.com,"Storkower Strasse 32",56566,"Neuwied Heimbach-Weis","02622 43 19 89"
Hoover,Brigitte,BrigitteHoover@fleckens.hu,"Schönwalder Allee 19",23746,Kellenhusen,"04364 76 56 07"
Krause,Tom,TomKrause@cuvox.de,"Lützowplatz 55",96194,Walsdorf,"06593 11 31 20"
Ebersbacher,Johanna,,"Luckenwalder Strasse 51",31180,Giesen,"05066 92 00 83"
,Mandy,MandyWinkel@jourrapide.com,"Ollenhauer Str. 59",70378,"Stuttgart Mönchfeld","0711 89 69 43"
Möller,Martina,,"Kieler Strasse 32",84513,Erharting,"08631 60 52 63"
Kruger,Sandra,,"Prager Str 40",85242,Röhrmoos,"08139 94 45 56"
Dietrich,Swen,,"Kirchenallee 50",94559,Niederwinkling,"09906 27 68 06"
,Manuela,ManuelaGersten@rhyta.com,"Kurfürstenstraße 52",71093,"Weil im Schönbuch","07157 89 64 96"
,Nicole,NicoleSaenger@superrito.com,"Leipziger Straße 59",37445,Walkenried,"05525 87 95 22"
,Marcel,MarcelNeustadt@rhyta.com,"Stresemannstr. 23",66724,Saarlouis,"06831 72 99 10"
Metzger,Stephan,StephanMetzger@fleckens.hu,"Budapester Strasse 74",24503,Neumünster,"04321 70 64 43"
Eichmann,Lukas,LukasEichmann@fleckens.hu,"Rosenstrasse 2",81631,München,"089 39 59 75"
Pabst,Petra,PetraPabst@dayrep.com,"Augsburger Strasse 73",53539,Kelberg,"02692 67 35 24"
,Marcel,MarcelMetzger@armyspy.com,"Reeperbahn 95",08306,Eibenstock,"037752 24 88"
Schulze,Marko,MarkoSchulze@fleckens.hu,"Invalidenstrasse 97",76835,"Weyher in der Pfalz","06323 29 65 97"
,Claudia,ClaudiaVogel@armyspy.com,"Paderborner Strasse 21",86839,Türkheim,"08245 54 13 66"
Bosch,Eric,,"Neuer Jungfernstieg 60",84323,Massing,"08722 53 94 96"
,Eric,EricPfeifer@cuvox.de,"Friedrichstrasse 7",45883,Gelsenkirchen,"0209 28 68 73"
Kohl,Thorsten,ThorstenKohl@jourrapide.com,"Rhinstrasse 37",80805,München,"089 26 81 74"
Osterhagen,Maximilian,MaximilianOsterhagen@cuvox.de,"Guentzelstrasse 7",55576,Pleitersheim,"06701 31 12 51"
Eisenberg,Jennifer,JenniferEisenberg@teleworm.us,"Hollander Strasse 1",65558,Gückingen,"06432 67 05 74"
Fiedler,Diana,DianaFiedler@gustr.com,"Rosenstrasse 29",81505,München,"089 68 63 79"
Kirsch,Dieter,DieterKirsch@cuvox.de,"Alter Wall 70",97358,Schwarzach,"09324 36 04 02"
Sankt,Sara,SaraSankt@gustr.com,"Alsterkrugchaussee 34",86656,Bissingen,"09089 78 50 71"
Lang,Klaus,KlausLang@cuvox.de,"Büsingstrasse 65",85204,Dachau,"08131 27 46 43"
Drechsler,Marie,,"Rosenstrasse 80",81539,München,"089 86 17 52"
Glockner,Luca,LucaGlockner@cuvox.de,"Ellmenreichstrasse 12",95306,Kulmbach,"09221 71 50 51"
Peters,Luca,LucaPeters@rhyta.com,"Knesebeckstrasse 29",54673,Leimbach,"02691 39 91 76"
Schmidt,Jürgen,,"Kurfürstendamm 59",18181,Rostock,"0381 66 47 65"
,Kristian,KristianGloeckner@superrito.com,"Hochstrasse 89",25961,Westerland,"04651 95 11 06"
Beckenbauer,Sebastian,,"Rohrdamm 36",32108,"Bad Salzuflen Retzen","05208 83 13 11"
Schroeder,Torsten,TorstenSchroeder@cuvox.de,"Mollstrasse 14",65719,"Hofheim am Taunus","06122 47 45 46"
,Jessika,JessikaBader@superrito.com,"Holstenwall 53",06309,Helbra,"034772 64 88"
Frey,Felix,FelixFrey@einrot.com,"Pappelallee 86",74226,Nordheim,"036944 92 43"
Nacht,Doreen,DoreenNacht@armyspy.com,"Lietzensee-Ufer 21",02967,Hoyerswerda,"03571 84 88 64"
,Frank,FrankWeissmuller@jourrapide.com,"Schönwalder Allee 80",23758,Göhl,"04361 59 50 52"
Nacht,Leonie,LeonieNacht@superrito.com,"Eichendorffstr. 15",88364,Wolfegg,"07527 82 47 04"
Huber,Lisa,LisaHuber@rhyta.com,"Scharnweberstrasse 60",63791,Karlstein,"06188 58 54 09"
Boehm,Sebastian,,"Ruschestrasse 63",23957,Wismar,"03841 92 60 59"
,Christina,ChristinaEggers@cuvox.de,"Charlottenstrasse 28",01221,Dresden,"0351 54 12 19"
,Frank,FrankHuber@gustr.com,"Rudower Strasse 88",54655,Malbergweich,"06563 17 15 33"
Nussbaum,Sabrina,SabrinaNussbaum@einrot.com,"Landhausstraße 29",59969,Hallenberg,"02984 84 98 75"
Dresner,Luca,LucaDresner@gustr.com,"Langenhorner Chaussee 54",83484,Ramsau,"08657 76 51 15"
,Katja,KatjaKastner@fleckens.hu,"Koenigstrasse 10",99897,Tambach-Dietharz,"036252 86 32"
Hahn,Lukas,,"Schönwalder Allee 48",24884,Geltorf,"04354 51 58 99"
,Sandra,SandraHertz@teleworm.us,"Heiligengeistbrücke 14",97211,Uffenheim,"09842 66 28 68"
,Niklas,NiklasPfeiffer@cuvox.de,"Ruschestrasse 63",23953,Wismar,"03841 73 91 01"
,Sabine,SabineBerg@jourrapide.com,"Schillerstrasse 45",86456,Gablingen,"08230 47 91 43"
Meyer,Christian,ChristianMeyer@rhyta.com,"Feldstrasse 39",39377,Wefensleben,"039400 89 86"
Abendroth,Tom,TomAbendroth@superrito.com,"Mollstrasse 47",55296,Lörzweiler,"06138 11 42 06"
Fruehauf,Gabriele,GabrieleFruehauf@superrito.com,"Buelowstrasse 75",57629,Atzelgift,"02662 26 34 26"
Schmidt,Bernd,,"Büsingstrasse 70",85562,Grafing,"08092 50 17 14"
Kohler,Jana,,"Alsterkrugchaussee 60",90526,Wendelstein,"09122 39 96 79"
Saenger,Sabine,SabineSaenger@gustr.com,"Hochstrasse 18",25852,Bordelum,"04671 12 87 39"
,Jörg,JorgRothstein@fleckens.hu,"Schaarsteinweg 55",93346,Ihrlerstein,"09441 56 87 63"
,Tanja,TanjaKlug@gustr.com,"Scharnweberstrasse 7",68723,Plankstadt,"06202 76 77 00"
Lange,Philipp,PhilippLange@gustr.com,"Rathausstrasse 81",90707,Fürth,"0911 28 24 82"
Eggers,Luca,LucaEggers@jourrapide.com,"Alt-Moabit 61",14913,"Altes Lager","03372 27 39 27"
Schweizer,Dennis,DennisSchweizer@superrito.com,"Grolmanstraße 41",28217,"Bremen Steffensweg","0421 26 83 71"
,Frank,FrankGrunwald@jourrapide.com,"Alt-Moabit 89",14731,Brandenburg,"03381 29 90 40"
,Mathias,MathiasLemann@teleworm.us,"Inge Beisheim Platz 98",25365,"Klein Offenseth-Sparries","04121 78 64 31"
Lehmann,Dominik,DominikLehmann@cuvox.de,"Kastanienallee 62",26835,Holtland,"04950 19 82 71"
Bauer,Anne,AnneBauer@gustr.com,"Leipziger Straße 72",34497,Korbach,"05636 37 32 35"
,Petra,PetraBecker@jourrapide.com,"Charlottenstrasse 85",03003,Cottbus,"0355 29 50 78"
Hahn,Torsten,TorstenHahn@teleworm.us,"Scharnweberstrasse 53",68307,"Mannheim Schönau","06211 83 37 05"
Wannemaker,Marco,MarcoWannemaker@einrot.com,"Gotzkowskystrasse 24",54552,Utzerath,"02676 68 46 74"
Gaertner,Philipp,,"Pohlstrasse 25",37534,Gittelde,"05327 96 21 52"
Friedman,Anke,AnkeFriedman@teleworm.us,"Potsdamer Platz 42",93191,Rettenbach,"08392 94 73 63"
Strauss,Sven,SvenStrauss@fleckens.hu,"Gubener Str. 88",83677,Greiling,"08041 27 26 38"
Baumgartner,Annett,,"Luebecker Strasse 13",96111,Hirschaid,"09543 58 64 30"
Sanger,Mandy,MandySanger@fleckens.hu,"Alsterkrugchaussee 90",86687,Kaisheim,"09097 77 89 78"
Herman,Petra,PetraHerman@superrito.com,"Grosse Praesidenten Str. 63",67715,Geiselberg,"06307 38 95 81"
Holzman,Sophia,,"Büsingstrasse 30",85236,Petershausen,"08137 15 60 43"
Wexler,Michael,MichaelWexler@rhyta.com,"Neuer Jungfernstieg 17",84302,Eggenfelden,"08721 89 24 69"
,Angelika,AngelikaFriedman@dayrep.com,"Am Borsigturm 54",41460,"Neuss Hammfeld","02137 88 96 45"
Goldschmidt,Nicole,NicoleGoldschmidt@einrot.com,"Feldstrasse 23",39517,Bertingen,"039363 36 83"
Kirsch,Frank,,"Grolmanstraße 28",28199,"Bremen Neustadt","0421 13 24 55"
Baumgartner,Paul,PaulBaumgartner@einrot.com,"Anhalter Strasse 31",67685,Erzenhausen,"06374 19 04 27"
Jager,Jan,,"Alsterkrugchaussee 66",91445,Emskirchen,"09101 37 02 15"
Faust,Simone,SimoneFaust@cuvox.de,"Augsburger Strasse 33",53533,Dorsel,"02693 30 35 39"
Neudorf,Marco,MarcoNeudorf@gustr.com,"Konstanzer Strasse 96",63843,Niedernberg,"06028 31 86 92"
,Maximilian,MaximilianWeiss@teleworm.us,"Stuttgarter Platz 83",38524,Sassenburg,"02581 69 90 65"
,Luca,LucaGartner@einrot.com,"Messedamm 47",01462,Altfranken,"0351 68 34 49"
Wannemaker,Marco,MarcoWannemaker@fleckens.hu,"Fischerinsel 28",41068,"Mönchengladbach Winkeln","02161 53 02 88"
Kirsch,Dieter,,"Alter Wall 70",97358,Schwarzach,"09324 36 04 02"
Koenig,Tanja,TanjaKoenig@gustr.com,"Sömmeringstr. 51",68753,Waghäusel,"07254 43 19 27"
Frueh,Monika,MonikaFrueh@armyspy.com,"Charlottenstrasse 93",01257,Dresden,"0351 14 45 04"
Abendroth,Laura,LauraAbendroth@rhyta.com,"Luetzowplatz 80",54516,Wittlich,"06571 90 89 31"
Herzog,Susanne,,"Bayreuther Strasse 95",72762,"Reutlingen Weststadt","071 79 48 07"
Ebersbach,Uta,,"Sömmeringstr. 31",89251,Illertissen,"07303 55 96 57"
,Tanja,TanjaAckermann@jourrapide.com,"Neue Roßstr. 52",36037,Fulda,"0661 80 76 36"
Kirsch,Torsten,TorstenKirsch@superrito.com,"Langenhorner Chaussee 34",83326,Waging,"08684 44 95 95"
Furst,Florian,FlorianFurst@cuvox.de,"Mühlenstrasse 92",97209,Veitshöchheim,"0931 67 60 81"
Konig,Thomas,,"Sömmeringstr. 27",75203,Königsbach-Stein,"07232 95 71 29"
Berg,Tanja,TanjaBerg@jourrapide.com,"Rathausstrasse 73",90023,Nürnberg,"0911 60 08 13"
Fenstermacher,Peter,PeterFenstermacher@gustr.com,"Prenzlauer Allee 41",04103,Leipzig,"0341 41 30 49"
,Marie,MarieNagel@cuvox.de,"Ollenhauer Str. 6",70327,"Stuttgart Rotenberg","0711 14 68 80"
Beyer,Jens,JensBeyer@gustr.com,"Waldowstr. 55",83603,Holzkirchen,"08024 41 49 74"
Kirsch,Jessica,JessicaKirsch@teleworm.us,"Karl-Liebknecht-Strasse 28",27367,Hellwege,"04264 12 76 29"
Pfeffer,Uta,UtaPfeffer@jourrapide.com,"Schönwalder Allee 29",24236,Selent,"04384 83 64 35"
Reinhard,Ralph,,"Karl-Liebknecht-Strasse 80",02906,Attendorf,"04191 32 05 42"
,Ines,InesEberhardt@rhyta.com,"Jahnstrasse 55",83035,"Bad Aibling","08061 62 13 19"
,Matthias,MatthiasDiederich@rhyta.com,"Alt-Moabit 16",14774,Brandenburg,"03381 59 18 53"
,Jens,JensPeters@rhyta.com,"Brandenburgische Str 94",55413,Niederheimbach,"06743 82 79 50"
,Jürgen,JurgenBach@einrot.com,"Fasanenstrasse 73",20359,"Hamburg Neustadt","040 29 20 06"
Dreher,Jonas,,"Luckenwalder Strasse 84",31634,Steimbke,"05026 16 65 35"
,David,DavidFreitag@fleckens.hu,"Büsingstrasse 10",82054,Sauerlach,"08104 69 40 23"
Unger,Patrick,PatrickUnger@jourrapide.com,"Fontenay 27",96219,Burgkunstadt,"09229 54 81 47"
Pfaff,Diana,,"Gotthardstrasse 91",09039,Chemnitz,"0371 63 43 61"
,Ursula,UrsulaSchulze@gustr.com,"Prenzlauer Allee 60",04259,Leipzig,"0341 69 46 71"
Werfel,Swen,SwenWerfel@dayrep.com,"Esplanade 21",63908,Klingenberg,"09372 21 97 17"
Ritter,Lisa,LisaRitter@teleworm.us,"Bissingzeile 77",26954,Nordenham,"04731 28 73 59"
,Jessica,JessicaKluge@rhyta.com,"Alter Wall 55",97294,Unterpleichfeld,"09367 75 45 61"
Fruehauf,Michelle,MichelleFruehauf@jourrapide.com,"Genslerstraße 69",14109,"Berlin Wannsee","030 36 84 87"
Frei,Stefanie,,"Flotowstr. 70",06806,Holzweißig,"03493 66 21 33"
Achen,Uwe,,"Brandenburgische Straße 56",10318,"Berlin Karlshorst","030 81 39 59"
,Heike,HeikeFeierabend@rhyta.com,"Luebeckertordamm 40",92306,Neumarkt,"09181 82 29 05"
Fleischer,Patrick,PatrickFleischer@armyspy.com,"Kurfürstenstraße 57",74376,Gemmrigheim,"07143 45 62 74"
Rothstein,Katrin,,"Boxhagener Str. 5",21075,"Hamburg Harburg","040 17 70 71"
,Erik,ErikNacht@rhyta.com,"Leopoldstraße 34",14059,"Berlin Charlottenburg","030 20 33 67"
Maur,Jessika,,"Rhinstrasse 13",81304,München,"089 12 65 44"
Schultz,Anne,,"Pohlstrasse 49",38368,Querenhorst,"05356 72 33 63"
Fischer,Anja,,"Billwerder Neuer Deich 37",97236,Randersacker,"09303 45 26 07"
Nacht,Marie,MarieNacht@jourrapide.com,"Waldowstr. 47",74677,Dörzbach,"07931 43 87 07"
Rothschild,Yvonne,YvonneRothschild@einrot.com,"Straße der Pariser Kommune 84",50939,"Köln Lindenthal","0221 69 72 41"
Bach,Jonas,,"Budapester Strasse 67",24790,Haßmoor,"04330 23 79 70"
Jung,Leonie,LeonieJung@gustr.com,"Chausseestr. 3",21517,Aumühle,"04104 11 10 94"
Bayer,Robert,,"Genterstrasse 68",24043,Kiel,"0431 13 45 41"
Koenig,Laura,,"Eichendorffstr. 74",72221,Haiterbach,"07456 69 13 56"
Kunze,Silke,,"Luebeckertordamm 80",91315,Höchstadt,"09163 20 62 58"
,Frank,FrankBarth@cuvox.de,"Mellingburgredder 52",91207,Lauf,"09123 53 14 06"
Himmel,Juliane,,"Potsdamer Platz 55",88173,Scheidegg,"08381 87 13 89"
,Felix,FelixHerz@armyspy.com,"Bayreuther Strasse 2",89079,"Ulm Gögglingen","073 50 94 62"
Bar,Luca,,"Chausseestr. 44",21451,Reinbek,"04104 71 24 57"
,Kevin,KevinTrommler@fleckens.hu,"Stuttgarter Platz 89",48565,Steinfurt,"02551 58 34 25"
Klein,Bernd,,"Bleibtreustrasse 76",33175,"Bad Lippspringe","05252 68 34 54"
Shuster,Frank,FrankShuster@armyspy.com,"An der Schillingbrucke 68",89275,Elchingen,"07308 97 29 99"
Hirsch,Jennifer,,"Fischerinsel 67",41169,"Mönchengladbach Hardt","02161 37 15 28"
,Jessica,JessicaWolf@fleckens.hu,"Heiligengeistbrücke 54",91722,Arberg,"09822 34 50 84"
,Luca,LucaWolf@fleckens.hu,"Borstelmannsweg 41",96486,Lautertal,"09561 77 31 18"
Neumann,Sabrina,SabrinaNeumann@fleckens.hu,"Rathausstrasse 46",90017,Nürnberg,"0911 15 90 60"
,Anja,AnjaGoldschmidt@armyspy.com,"Lietzenburger Strasse 75",51427,"Bergisch Gladbach Lustheide","02202 27 96 21"
Probst,Leon,,"Schoenebergerstrasse 69",08385,Meerane,"03764 76 16 72"
Osterhagen,Erik,ErikOsterhagen@gustr.com,"An der Schillingbrucke 70",88448,Attenweiler,"07357 65 38 26"
Decker,Jan,,"Ansbacher Strasse 35",54614,Schönecken,"06553 44 92 90"
Pfeifer,Eric,EricPfeifer@cuvox.de,"Friedrichstrasse 7",45883,Gelsenkirchen,"0209 28 68 73"
Kappel,Dieter,DieterKappel@gustr.com,"Hollander Strasse 92",65594,Runkel,"06431 77 51 32"
Biermann,Mike,,"Holstenwall 68",95147,Selbitz,"034928 83 28"
Theiss,Angelika,AngelikaTheiss@superrito.com,"Paderborner Strasse 31",85250,Altomünster,"08250 36 60 07"
Klug,Anne,,"Fugger Strasse 80",46485,Wesel,"0281 83 19 41"
Berg,Michael,MichaelBerg@einrot.com,"Stuttgarter Platz 9",56290,Dommershausen,"02605 64 78 71"
Kaestner,Christine,ChristineKaestner@einrot.com,"Kurfürstendamm 63",18131,Rostock,"0381 35 34 05"
Faber,Christin,ChristinFaber@dayrep.com,"Gubener Str. 90",83004,Rosenheim,"08031 41 32 93"
,Simone,SimoneSchwartz@cuvox.de,"Jahnstrasse 51",21720,Steinkirchen,"08084 68 35 41"
Lange,Paul,PaulLange@superrito.com,"Brandenburgische Str 31",56291,Steinbach,"06746 73 55 90"
Kunze,Nadine,,"Jahnstrasse 80",92432,Bruck,"08091 69 35 70"
Vogt,Luca,LucaVogt@dayrep.com,"Lange Strasse 59",85701,Unterschleißheim,"089 50 68 87"
Sanger,Swen,,"Alter Wall 37",97749,Karlstadt,"09352 37 84 02"
Wurfel,Tim,TimWurfel@dayrep.com,"Guentzelstrasse 55",55595,Argenschwang,"06706 51 22 68"
Bergmann,Ralf,,"Büsingstrasse 95",85600,Zorneding,"08106 96 19 62"
Scholz,Ulrike,UlrikeScholz@gustr.com,"Oldesloer Strasse 26",07948,Triebes,"036622 33 89"
Fenstermacher,Lisa,LisaFenstermacher@fleckens.hu,"Kurfürstenstraße 18",73249,Wernau,"07153 29 88 75"
Barth,Max,MaxBarth@armyspy.com,"Scharnweberstrasse 1",63505,Langenselbold,"06184 15 30 38"
,Martina,MartinaMeyer@dayrep.com,"Brandenburgische Strasse 14",76872,Freckenfeld,"06340 45 86 39"
Huber,Steffen,,"Invalidenstrasse 80",67454,Haßloch,"06324 64 79 74"
Berg,Tom,,"An der Schillingbrucke 7",72351,Geislingen,"07334 79 85 06"
Furst,Maximilian,MaximilianFurst@fleckens.hu,"Brandenburgische Straße 26",13051,"Berlin Margarethenhöhe","030 82 02 26"
Schmidt,Ulrike,,"Hallesches Ufer 77",66681,Wadern,"06871 87 01 20"
Brauer,René,,"Hans-Grade-Allee 91",23782,"Bad Segeberg","04551 39 19 74"
Pfeifer,Tim,TimPfeifer@superrito.com,"Landhausstraße 29",15703,"Königs Wusterhausen","03362 34 21 30"
,Eric,EricTrommler@rhyta.com,"Storkower Strasse 60",56244,Krümmel,"02626 51 46 20"
Diederich,Jörg,JorgDiederich@rhyta.com,"Rankestraße 36",86666,Burgheim,"08432 13 03 77"
Abend,Leon,,"Lange Strasse 29",82142,Planegg,"089 69 91 85"
Werner,Stephan,StephanWerner@jourrapide.com,"Hoheluftchaussee 84",16901,Wittstock,"033923 78 67"
Ehrlichmann,Robert,RobertEhrlichmann@jourrapide.com,"Hoheluftchaussee 28",06638,Karsdorf,"034461 84 15"
Herman,Jürgen,JurgenHerman@einrot.com,"Feldstrasse 28",39165,Niederndodeleben,"039204 10 17"
Kuefer,Mathias,MathiasKuefer@rhyta.com,"Brandenburgische Str 72",55430,Oberwesel,"06741 67 42 44"
Kruger,Birgit,BirgitKruger@fleckens.hu,"Bayreuther Strasse 51",15230,Frankfurt,"069 18 94 12"
Theissen,Nicole,NicoleTheissen@einrot.com,"Schönwalder Allee 74",24233,Laboe,"04343 48 00 78"
Hirsch,Yvonne,YvonneHirsch@dayrep.com,"Leipziger Strasse 7",33619,"Bielefeld Niederdornberg","0521 20 99 26"
Lehmann,Claudia,ClaudiaLehmann@gustr.com,"Alter Wall 22",97749,Karlstadt,"09352 45 50 88"
Schäfer,Jan,,"Pasewalker Straße 76",75177,"Pforzheim Nordweststadt","07231 24 17 63"
,Leon,LeonProbst@fleckens.hu,"Schoenebergerstrasse 69",08385,Meerane,"03764 76 16 72"
,Diana,DianaRoth@cuvox.de,"Stresemannstr. 58",66802,Überherrn,"06836 73 23 11"
Baumgaertner,Benjamin,,"Alter Wall 19",97947,Grünsfeld,"09346 34 03 68"
Baumgaertner,Lisa,LisaBaumgaertner@einrot.com,"Invalidenstrasse 46",67482,Böbingen,"06327 53 03 08"
,Max,MaxWeber@jourrapide.com,"Lietzensee-Ufer 62",15902,Lübben,"03546 46 63 84"
Abt,René,ReneAbt@jourrapide.com,"Rathausstrasse 59",90206,Nürnberg,"0911 38 98 20"
Möller,Silke,,"Straße der Pariser Kommune 1",44145,Dortmund,"0231 93 72 47"
Koenig,Maximilian,MaximilianKoenig@jourrapide.com,"Joachimstaler Str. 75",56288,Kastellaun,"06762 30 11 49"
Bachmeier,Jürgen,JurgenBachmeier@superrito.com,"Sömmeringstr. 88",76351,Linkenheim-Hochstetten,"07247 65 08 40"
Lowe,Yvonne,YvonneLowe@teleworm.us,"Wallstrasse 49",56761,Gamlen,"02653 51 72 45"
Kuhn,Klaudia,KlaudiaKuhn@dayrep.com,"Alt-Moabit 66",14933,Luckenwalde,"03371 45 91 62"
Koehler,Anke,AnkeKoehler@gustr.com,"Meininger Strasse 9",55767,Sonnenberg-Winnenberg,"06787 55 86 10"
Abendroth,Swen,SwenAbendroth@superrito.com,"Buelowstrasse 70",56746,Kempenich,"02655 60 90 50"
Papst,Ralph,,"Fasanenstrasse 92",20459,"Hamburg Neustadt","040 96 07 93"
Schwartz,Mathias,MathiasSchwartz@cuvox.de,"Guentzelstrasse 8",55597,Gumbsheim,"06703 19 53 19"
Thalberg,Bernd,BerndThalberg@gustr.com,"Brandenburgische Straße 27",12589,"Berlin Hessenwinkel","030 18 17 25"
Baader,Karolin,KarolinBaader@superrito.com,"Reeperbahn 52",08244,Klingenthal,"037465 50 17"
Himmel,Anna,AnnaHimmel@rhyta.com,"Inge Beisheim Platz 65",21409,Embsen,"04134 77 60 92"
Neustadt,Katrin,,"Jahnstrasse 30",84145,Velden,"08086 89 51 97"
,Jan,JanBrandt@dayrep.com,"Guentzelstrasse 71",36399,Freiensteinau,"06644 54 59 08"
Shuster,Eric,,"Neuer Jungfernstieg 37",84132,Vilsbiburg,"08741 16 74 83"
Lemann,Birgit,BirgitLemann@fleckens.hu,"Rohrdamm 46",32791,Lage,"05202 38 26 63"
Mueller,Jessika,,"Alsterkrugchaussee 1",91101,Schwabach,"09122 27 11 42"
Ebersbach,Robert,RobertEbersbach@armyspy.com,"Eschenweg 90",07717,Jena,"03641 37 28 79"
Müller,Dominik,,"Ansbacher Strasse 53",55487,Laufersweiler,"06543 62 08 02"
Traugott,Kevin,KevinTraugott@jourrapide.com,"Leipziger Strasse 76",54310,Minden,"0571 72 19 36"
,Daniel,DanielBauer@fleckens.hu,"Schillerstrasse 17",86559,Adelzhausen,"08208 21 53 62"
,Christin,ChristinKohler@fleckens.hu,"Büsingstrasse 65",85202,Dachau,"08131 56 31 61"
Fink,Janina,JaninaFink@superrito.com,"Gubener Str. 60",83656,Lenggries,"08042 98 68 69"
Eggers,Leon,LeonEggers@armyspy.com,"Ellmenreichstrasse 20",95369,Untersteinach,"09225 16 12 20"
Mayer,Anke,AnkeMayer@teleworm.us,"Schmarjestrasse 37",26632,Ihlow,"033744 24 69"
Frueh,Karolin,,"Meinekestraße 95",37079,Göttingen,"05502 61 96 89"
Krüger,Stephanie,,"Bleibtreustraße 70",77975,Ringsheim,"07822 49 35 07"
Bohm,Matthias,MatthiasBohm@fleckens.hu,"Schönwalder Allee 38",23770,Westfehmarn,"04372 13 54 01"
Kirsch,Kristian,KristianKirsch@fleckens.hu,"Budapester Strasse 36",24514,Neumünster,"04321 27 69 70"
,Niklas,NiklasBosch@superrito.com,"Esplanade 81",93188,Pielenhofen,"09409 97 76 93"
,Nadine,NadineFeierabend@teleworm.us,"Schönhauser Allee 84",78052,"Villingen-Schwenningen Zollhaus","07721 97 36 74"
,Marco,MarcoJung@dayrep.com,"Flotowstr. 26",06290,"Lutherstadt Eisleben","03475 67 85 42"
Fischer,Katharina,KatharinaFischer@rhyta.com,"Frankfurter Allee 12",76187,"Karlsruhe Knielingen","0721 50 68 43"
,Torsten,TorstenMehler@superrito.com,"Rankestraße 66",86621,Neuburg,"08431 75 03 34"
Hoffmann,Patrick,PatrickHoffmann@armyspy.com,"Luebecker Strasse 44",93174,Beratzhausen,"09492 94 96 66"
Fuchs,Kristian,KristianFuchs@jourrapide.com,"Ansbacher Strasse 17",56862,Pünderich,"06542 84 16 42"
Faerber,Karin,KarinFaerber@superrito.com,"Hardenbergstraße 37",66871,Theisbergstegen,"06381 76 90 98"
Lehmann,Philipp,,"Karl-Liebknecht-Strasse 2",24568,Kaltenkirchen,"04191 93 61 59"
Fink,Stephanie,,"Hans-Grade-Allee 65",24991,Freienwill,"04602 77 13 47"
Pfeiffer,Katja,KatjaPfeiffer@fleckens.hu,"Leipziger Straße 76",37632,Eschershausen,"05534 28 88 92"
Grunwald,Ralf,RalfGrunwald@fleckens.hu,"Sonnenallee 62",86042,Augsburg,"0821 92 98 59"
Kastner,Dominik,DominikKastner@fleckens.hu,"Kastanienallee 38",26579,Baltrum,"04939 17 22 47"
,Tom,TomSeiler@dayrep.com,"Gruenauer Strasse 39",21255,Tostedt,"04182 95 61 20"
Fuchs,Ralph,RalphFuchs@gustr.com,"Rudolstaedter Strasse 85",63717,Aschaffenburg,"06021 82 11 57"
Gerste,Daniela,DanielaGerste@teleworm.us,"Hallesches Ufer 76",73274,Notzingen,"07021 98 52 24"
Faber,Sandra,,"Schmarjestrasse 33",16763,Kremmen,"033051 92 68"
,Yvonne,YvonneNagel@armyspy.com,"Augsburger Straße 8",59368,Werne,"02306 94 92 88"
,Alexander,AlexanderFinkel@teleworm.us,"Genslerstraße 20",10559,"Berlin Tiergarten","030 87 33 58"
Traugott,Bernd,BerndTraugott@rhyta.com,"Mühlenstrasse 44",97205,Veitshöchheim,"0931 49 41 04"
Fink,Franziska,FranziskaFink@cuvox.de,"Ellmenreichstrasse 10",83527,Haag,"09201 94 51 77"
Scholz,Tanja,TanjaScholz@teleworm.us,"Büsingstrasse 64",85462,Eitting,"08122 47 11 73"
Baier,Tom,,"Gotthardstrasse 91",99022,Erfurt,"0361 33 30 60"
Eisenberg,Lea,LeaEisenberg@teleworm.us,"Rohrdamm 78",29643,Neuenkirchen,"05195 43 60 29"
Maur,Susanne,SusanneMaur@teleworm.us,"Pappelallee 38",08622,Adorf,"037423 88 52"
,Anna,AnnaBar@jourrapide.com,"Konstanzer Strasse 95",63798,Kleinostheim,"06027 88 03 59"
Maur,Franziska,,"Bayreuther Strasse 49",89081,"Ulm Mitte","073 61 16 43"
Wexler,Leonie,,"Charlottenstrasse 72",01437,Radebeul,"0351 99 12 30"
Grunwald,Ralf,RalfGrunwald@fleckens.hu,"Sonnenallee 62",86042,Augsburg,"0821 92 98 59"
Schwartz,Johanna,JohannaSchwartz@einrot.com,"Hallesches Ufer 6",66679,Losheim,"06872 88 54 45"
Scherer,Jana,JanaScherer@fleckens.hu,"Flotowstr. 13",06556,Artern,"03466 76 08 25"
,Marina,MarinaPfeifer@teleworm.us,"Gotzkowskystrasse 40",56825,Gillenbeuren,"02677 36 44 18"
,Leon,LeonSanger@cuvox.de,"Nuernbergerstrasse 89",26676,Barßel,"04409 91 01 93"
Eberhardt,Marina,MarinaEberhardt@superrito.com,"Ollenhauer Str. 60",70437,"Stuttgart Stammheim","0711 30 40 12"
Pfaff,Simone,SimonePfaff@einrot.com,"Nuernbergerstrasse 7",27801,Dötlingen,"04433 81 50 36"
Vogler,Juliane,JulianeVogler@cuvox.de,"Borstelmannsweg 99",96421,Coburg,"09561 70 72 35"
Wulf,Sabine,SabineWulf@gustr.com,"Hardenbergstraße 67",67744,Cronenberg,"06382 43 89 45"
,Stephanie,StephanieBergmann@superrito.com,"Ufnau Strasse 79",87463,Dietmannsried,"08334 17 81 56"
Hofmann,Mathias,,"Fasanenstrasse 92",21129,"Hamburg Moorburg","040 57 70 54"
Richter,Sven,SvenRichter@fleckens.hu,"Friedrichstrasse 28",40589,"Düsseldorf Itter","0211 41 49 32"
Maurer,René,,"Koepenicker Str. 27",55767,Buhlenberg,"06782 39 81 93"
Pabst,Stefanie,StefaniePabst@cuvox.de,"Rohrdamm 80",32108,"Bad Salzuflen Innenstadt","05208 35 92 27"
Barth,Marie,MarieBarth@dayrep.com,"Am Borsigturm 42",40668,"Meerbusch Ossum-Bösinghoven","02150 15 83 91"
,Tom,TomEgger@superrito.com,"Konstanzer Strasse 51",87727,Babenhausen,"06073 90 63 76"
Pfeffer,Dennis,DennisPfeffer@cuvox.de,"Gotthardstrasse 22",09007,Chemnitz,"0371 98 34 32"
,Patrick,PatrickDurr@gustr.com,"Luebeckertordamm 47",91481,Münchsteinach,"09166 92 78 79"
Burger,Benjamin,BenjaminBurger@jourrapide.com,"Fasanenstrasse 14",21039,"Hamburg Neuengamme","040 92 24 54"
,Florian,FlorianHirsch@dayrep.com,"Brandenburgische Straße 25",13156,"Berlin Niederschönhausen","030 40 48 38"
Reiniger,Lena,LenaReiniger@dayrep.com,"Bleibtreustraße 27",82355,Weilheim,"07741 51 89 33"
Hirsch,Johanna,JohannaHirsch@fleckens.hu,"Knesebeckstrasse 66",57612,Hilgenroth,"02682 49 06 83"
Theiss,Mario,,"Karl-Liebknecht-Strasse 75",29664,Walsrode,"04262 79 59 55"
Gaertner,Michelle,MichelleGaertner@teleworm.us,"Langenhorner Chaussee 28",83384,Freilassing,"08654 41 25 66"