Fuhrmann,Yvonne,YvonneFuhrmann@rhyta.com,"Los-Angeles-Platz 83",22769,"Hamburg Stellingen","040 95 41 16"
Blau,Alexander,AlexanderBlau@rhyta.com,"Nuernbergerstrasse 53",26676,Barßel,"04409 65 43 94"
König,Jürgen,JurgenKonig@superrito.com,"Bayreuther Strasse 65",89081,"Ulm Ermingen","073 43 84 86"
Weisz,Ursula,UrsulaWeisz@gustr.com,"Kurfuerstendamm 65",81249,Freiham,"089 20 96 60"
Engel,Jessica,JessicaEngel@einrot.com,"Augsburger Straße 81",44577,Castrop-Rauxel,"02305 53 72 91"
Weissmuller,Kristian,KristianWeissmuller@gustr.com,"Am Borsigturm 77",41462,"Neuss Furth-Mitte","02137 91 96 75"
Schwab,Uwe,UweSchwab@superrito.com,"Augsburger Strasse 54",53539,Kelberg,"02692 27 73 69"
Fruehauf,Laura,LauraFruehauf@rhyta.com,"Chausseestr. 1",25463,Halstenbek,"04101 58 89 33"
Baum,Dirk,DirkBaum@fleckens.hu,"Hermannstrasse 28",68649,Groß-Rohrheim,"06245 76 09 07"
Braun,Lena,LenaBraun@dayrep.com,"Feldstrasse 56",39382,Oschersleben,"039407 71 36"
König,Monika,MonikaKonig@gustr.com,"Luetzowplatz 3",54636,Wiersdorf,"06569 58 01 54"
Bieber,Tim,TimBieber@superrito.com,"Messedamm 94",06043,Halle,"0345 41 87 35"
Pfaff,Simone,SimonePfaff@einrot.com,"Nuernbergerstrasse 7",27801,Dötlingen,"04433 81 50 36"
Schroeder,Mandy,MandySchroeder@jourrapide.com,"Brandenburgische Straße 22",13125,"Berlin Karow","030 53 63 53"
Kastner,Lea,LeaKastner@teleworm.us,"Luebecker Strasse 33",93422,Roding,"09469 66 27 31"
Weissmuller,Andreas,AndreasWeissmuller@armyspy.com,"An Der Urania 92",25887,Winnert,"04845 15 07 52"
Loewe,Felix,FelixLoewe@teleworm.us,"Mohrenstrasse 80",89604,Allmendingen,"07384 13 23 24"
Eisenhauer,Antje,AntjeEisenhauer@cuvox.de,"Waldowstr. 30",88400,Biberach,"07835 54 88 35"
Braun,Tanja,TanjaBraun@jourrapide.com,"Kirchenallee 18",93470,Lohberg,"09943 18 19 78"
Ackerman,Swen,SwenAckerman@armyspy.com,"Brandenburgische Str 38",67748,Odenbach,"06753 69 22 57"
Engel,Melanie,MelanieEngel@teleworm.us,"Lietzensee-Ufer 29",04926,Plessa,"03533 44 11 68"
Loewe,Yvonne,YvonneLoewe@gustr.com,"Inge Beisheim Platz 37",25343,Glückstadt,"04124 74 09 70"
Propst,Daniel,DanielPropst@einrot.com,"Landhausstraße 49",14525,Stahnsdorf,"03329 25 79 48"
Zweig,Ute,UteZweig@superrito.com,"Schaarsteinweg 67",92409,Schwandorf,"09431 25 73 72"
Maier,Jana,JanaMaier@jourrapide.com,"Fontenay 63",95163,Weißenstadt,"09253 73 21 52"
König,Stefan,StefanKonig@rhyta.com,"Motzstr. 57",55452,Dorsheim,"06721 91 08 61"
Boehm,Kevin,KevinBoehm@einrot.com,"Brandenburgische Str 90",55606,Hahnenbach,"06752 15 29 71"
Schröder,Anna,AnnaSchroder@fleckens.hu,"Hermannstrasse 99",67577,Alsheim,"06249 99 52 99"
Schwarz,Angelika,AngelikaSchwarz@fleckens.hu,"Ruschestrasse 55",17168,Belitz,"03844 97 04 17"
Schmitz,Uta,UtaSchmitz@armyspy.com,"Los-Angeles-Platz 76",22085,"Hamburg Uhlenhorst","040 11 69 34"
Herz,Stephanie,StephanieHerz@jourrapide.com,"Ruschestrasse 72",39602,Osterburg,"03937 60 39 45"
Loewe,Melanie,MelanieLoewe@superrito.com,"Schönhauser Allee 27",17256,Feldberg,"07655 90 45 52"
Herz,Yvonne,YvonneHerz@rhyta.com,"Grosse Praesidenten Str. 33",64653,Lorsch,"06251 63 08 07"
Pfaff,Peter,PeterPfaff@superrito.com,"Kastanienallee 42",26529,Osteel,"04934 52 20 18"
Eisenhauer,Jana,JanaEisenhauer@fleckens.hu,"Karl-Liebknecht-Strasse 50",27367,Hassendorf,"04264 30 34 26"
Schmitz,Juliane,JulianeSchmitz@gustr.com,"Gotzkowskystrasse 12",56825,Beuren,"02675 74 44 76"
Freytag,Bernd,BerndFreytag@cuvox.de,"Pohlstrasse 72",38462,Grafhorst,"05364 46 67 59"
Schmitt,Stefanie,StefanieSchmitt@armyspy.com,"Rudolstaedter Strasse 85",49777,"Klein Berßen","05961 34 03 30"
Eisenhauer,Alexander,AlexanderEisenhauer@armyspy.com,"Hardenbergstraße 67",66996,"Fischbach bei Dahn","06393 61 76 56"
Hertzog,Barbara,BarbaraHertzog@dayrep.com,"Marseiller Strasse 34",86977,Burggen,"08860 54 45 68"
Eisenhauer,Marco,MarcoEisenhauer@dayrep.com,"Esplanade 66",94302,Straubing,"09421 30 01 03"
König,Jennifer,JenniferKonig@rhyta.com,"Rhinstrasse 86",81241,München,"089 92 65 66"
Schroeder,Matthias,MatthiasSchroeder@gustr.com,"Hans-Grade-Allee 25",24983,Handewitt,"04608 80 27 35"
Papst,Lea,LeaPapst@rhyta.com,"Rudower Strasse 26",54597,Burbach,"06556 43 42 24"
Reinhardt,Florian,FlorianReinhardt@einrot.com,"Grolmanstraße 51",28211,"Bremen Gete","0421 54 87 54"
Fruehauf,Kristin,KristinFruehauf@rhyta.com,"Pappelallee 84",99840,Ruhla,"036929 82 89"
Vogel,Ralf,RalfVogel@rhyta.com,"Prager Str 53",82319,Seewiesen,"08151 83 74 24"
Bieber,Leon,LeonBieber@dayrep.com,"Schoenebergerstrasse 28",08428,Langenbernsdorf,"03761 26 15 89"
Freytag,Birgit,BirgitFreytag@jourrapide.com,"Brandenburgische Str. 68",74254,Offenau,"07136 41 00 67"
Eisenhauer,Lisa,LisaEisenhauer@jourrapide.com,"Lietzenburger Strasse 12",51429,"Bergisch Gladbach Bockenberg","02202 80 89 37"
Herz,Felix,FelixHerz@armyspy.com,"Bayreuther Strasse 2",89079,"Ulm Gögglingen","073 50 94 62"
Schmitz,Christian,ChristianSchmitz@jourrapide.com,"Feldstrasse 83",39430,Egeln,"039268 63 87"
Drechsler,Marko,MarkoDrechsler@gustr.com,"Park Str. 18",50765,"Köln Chorweiler","0221 55 13 12"
Hertzog,Marco,MarcoHertzog@fleckens.hu,"Fischerinsel 78",41068,"Mönchengladbach Waldhausen","02161 75 81 93"
Austerlitz,Martina,MartinaAusterlitz@gustr.com,"Grolmanstraße 23",28209,"Bremen Bürgerpark","0421 16 29 95"
Fruehauf,Gabriele,GabrieleFruehauf@superrito.com,"Buelowstrasse 75",57629,Atzelgift,"02662 26 34 26"
Papst,Kathrin,KathrinPapst@gustr.com,"Pasewalker Straße 94",75177,"Pforzheim Nordstadt","07231 12 43 60"
Baum,Petra,PetraBaum@jourrapide.com,"Konstanzer Strasse 2",63811,Stockstadt,"06027 69 25 74"
Boehm,Martin,MartinBoehm@cuvox.de,"Jenaer Strasse 8",45327,Essen,"0201 53 98 77"
Kuefer,Mathias,MathiasKuefer@rhyta.com,"Brandenburgische Str 72",55430,Oberwesel,"06741 67 42 44"
Aachen,Niklas,NiklasAachen@jourrapide.com,"Scharnweberstrasse 6",68199,"Mannheim Neckarau","06211 98 76 55"
Reinhardt,Bernd,BerndReinhardt@fleckens.hu,"Ziegelstr. 38",94152,Neuhaus,"08507 68 70 65"
Werfel,Jessika,JessikaWerfel@gustr.com,"Prenzlauer Allee 33",04254,Leipzig,"0341 11 33 49"
Hertzog,Johanna,JohannaHertzog@superrito.com,"Meinekestraße 40",38700,Braunlage,"05520 88 49 77"
Engel,Ralf,RalfEngel@rhyta.com,"Rudower Chaussee 84",91504,Ansbach,"0981 91 28 50"
Freeh,Maximilian,MaximilianFreeh@rhyta.com,"Gotzkowskystrasse 86",74544,Michelbach,"02681 78 95 29"
Becker,Vanessa,VanessaBecker@fleckens.hu,"Genterstrasse 37",24152,Kiel,"0431 80 76 17"
Weissmuller,Claudia,ClaudiaWeissmuller@dayrep.com,"Esplanade 86",93177,Altenthann,"09403 12 13 45"
Schroeder,Christian,ChristianSchroeder@teleworm.us,"Leipziger Straße 73",37603,Holzminden,"05531 32 42 64"
Becker,Ralph,RalphBecker@fleckens.hu,"Schillerstrasse 25",82522,Geretsried,"08171 12 86 82"
Becker,Jessica,JessicaBecker@einrot.com,"Eichendorffstr. 90",72116,Mössingen,"07473 62 55 11"
Pfaff,Patrick,PatrickPfaff@dayrep.com,"Frankfurter Allee 10",89211,Neu-Ulm,"0731 25 04 55"
Schmitt,Lukas,LukasSchmitt@gustr.com,"Koenigstrasse 72",99634,Gangloffsömmern,"036376 65 25"
Schwab,Sabine,SabineSchwab@teleworm.us,"Kirchenallee 83",94426,Eichendorf,"09952 32 75 35"
Fruehauf,Jens,JensFruehauf@fleckens.hu,"Rudower Strasse 54",54597,Neuheilenbach,"06556 64 51 04"
Becker,Felix,FelixBecker@dayrep.com,"Alter Wall 67",97941,Tauberbischofsheim,"09341 77 93 74"
Bieber,Jessika,JessikaBieber@teleworm.us,"Prager Str 55",82291,Mammendorf,"08145 59 05 53"
Schwab,Uwe,UweSchwab@fleckens.hu,"Genslerstraße 98",13585,"Berlin Spandau","030 80 65 72"
König,Luca,LucaKonig@gustr.com,"Billwerder Neuer Deich 4",95469,Speichersdorf,"09275 85 30 41"
Schmitz,Heike,HeikeSchmitz@superrito.com,"Knesebeckstrasse 64",55758,Asbach,"02683 22 26 47"
Papst,Ralf,RalfPapst@dayrep.com,"Brandenburgische Straße 81",12103,"Berlin Mariendorf","030 74 48 99"
Weisz,Maximilian,MaximilianWeisz@einrot.com,"Bleibtreustraße 30",78345,Moos,"07732 14 93 58"
Grunewald,Wolfgang,WolfgangGrunewald@cuvox.de,"Lietzensee-Ufer 87",01652,Meißen,"03521 45 02 44"
Dreher,Sabrina,SabrinaDreher@einrot.com,"Kurfürstendamm 23",18112,Rostock,"0381 52 56 69"
Braun,Steffen,SteffenBraun@gustr.com,"Schaarsteinweg 2",93305,Kelheim,"09441 89 34 50"
Freytag,Ralf,RalfFreytag@fleckens.hu,"Paderborner Strasse 59",86577,Sielenbach,"08258 70 13 97"
Pfaff,Markus,MarkusPfaff@jourrapide.com,"Hardenbergstraße 59",66887,Rammelsbach,"06381 16 96 22"
Schwab,Christine,ChristineSchwab@fleckens.hu,"Schönwalder Allee 70",24251,Osdorf,"04346 77 22 55"
Austerlitz,Thorsten,ThorstenAusterlitz@cuvox.de,"Knesebeckstraße 41",59514,Welver,"02384 67 43 84"
Propst,Maik,MaikPropst@teleworm.us,"Albrechtstrasse 57",87471,Durach,"0831 42 58 82"
Propst,Uwe,UwePropst@superrito.com,"Hermannstrasse 44",69126,"Heidelberg Südstadt","06221 46 86 75"
Schmitt,Michael,MichaelSchmitt@dayrep.com,"Paul-Nevermann-Platz 65",97772,Wildflecken,"09745 57 65 92"
Becker,Gabriele,GabrieleBecker@jourrapide.com,"Fontenay 15",96219,Burgkunstadt,"09229 77 34 76"
Freytag,Eric,EricFreytag@armyspy.com,"Prenzlauer Allee 78",04252,Leipzig,"0341 61 95 06"
Propst,Sebastian,SebastianPropst@einrot.com,"Prager Str 80",85314,Freising,"08161 73 21 09"
Grunewald,Robert,RobertGrunewald@fleckens.hu,"Bissingzeile 20",25794,Dörpling,"04803 68 10 95"
Kuefer,Angelika,AngelikaKuefer@cuvox.de,"Friedrichstrasse 73",40210,"Düsseldorf Friedrichstadt","0211 77 53 42"
Weisz,Nadine,NadineWeisz@gustr.com,"Lietzenburger Strasse 66",53639,Königswinter,"02244 60 24 92"
Becker,Stefan,StefanBecker@teleworm.us,"Gruenauer Strasse 89",21680,Stade,"04141 35 74 73"
Dreher,Stephan,StephanDreher@jourrapide.com,"Oldesloer Strasse 86",07365,Blankenstein,"036642 67 66"
Aachen,Ralf,RalfAachen@fleckens.hu,"Schoenebergerstrasse 10",08401,Werdau,"03761 64 37 35"
Fuhrmann,Laura,LauraFuhrmann@einrot.com,"Karl-Liebknecht-Strasse 56",27386,Hemslingen,"04266 78 88 48"
Vogel,Felix,FelixVogel@gustr.com,"Boxhagener Str. 61",22159,"Hamburg Farmsen-Berne","040 89 35 74"
Bieber,Janina,JaninaBieber@einrot.com,"Leopoldstraße 94",12627,"Berlin Hellersdorf","030 61 41 94"
Boehm,Sabrina,SabrinaBoehm@superrito.com,"Pasewalker Straße 47",76532,Baden-Baden,"07221 90 99 67"
Grunewald,Mike,MikeGrunewald@gustr.com,"Schönhauser Allee 51",79365,Rheinhausen,"07643 12 42 16"
Boehm,Marina,MarinaBoehm@gustr.com,"Gotzkowskystrasse 35",56820,Senheim,"02673 95 06 42"
Papst,Martina,MartinaPapst@cuvox.de,"Flughafenstrasse 72",92677,Erbendorf,"09644 22 79 15"
Aachen,Max,MaxAachen@armyspy.com,"Park Str. 9",42697,"Solingen Ohligs/ Aufderhöhe","0212 27 31 00"
Eisenhauer,Sarah,SarahEisenhauer@rhyta.com,"Kantstrasse 95",90431,Nürnberg,"0911 87 00 93"
Zweig,Antje,AntjeZweig@fleckens.hu,"Charlottenstrasse 17",01307,Dresden,"0351 35 48 61"
Hueber,Frank,FrankHueber@cuvox.de,"Billwerder Neuer Deich 7",96265,Mitwitz,"09266 79 75 62"
Freytag,Tom,TomFreytag@armyspy.com,"Kurfürstenstraße 24",73669,Lichtenwald,"07153 53 63 08"
Maier,Markus,MarkusMaier@superrito.com,"Leipziger Strasse 81",54293,"Trier Ehrang-Quint","0651 87 60 79"
Schröder,Paul,PaulSchroder@dayrep.com,"Schoenebergerstrasse 48",18403,Stralsund,"03831 58 28 44"
Fruehauf,Alexander,AlexanderFruehauf@rhyta.com,"Mellingburgredder 45",91066,Herzogenaurach,"09132 19 73 15"
Engel,Jörg,JorgEngel@rhyta.com,"Eschenweg 75",98563,Schmalkalden,"03683 29 72 08"
Fuhrmann,Peter,PeterFuhrmann@cuvox.de,"Fontenay 66",95691,Hohenberg,"09233 71 61 54"
Schwarz,Lucas,LucasSchwarz@armyspy.com,"Lietzenburger Strasse 94",51580,Reichshof,"02261 64 20 82"
Kastner,Florian,FlorianKastner@jourrapide.com,"Stresemannstr. 31",66792,Saarwellingen,"06838 38 01 16"
Fruehauf,Daniela,DanielaFruehauf@superrito.com,"Prenzlauer Allee 92",04275,Leipzig,"0341 62 03 12"
Kastner,Sven,SvenKastner@dayrep.com,"Adenauerallee 2",17250,Mirow,"039833 59 97"
Schroeder,Ulrich,UlrichSchroeder@rhyta.com,"Scharnweberstrasse 94",65835,"Liederbach am Taunus","06196 31 57 13"
Papst,Kerstin,KerstinPapst@fleckens.hu,"Lützowplatz 11",54317,Korlingen,"06588 17 59 80"
Dreher,Sophie,SophieDreher@dayrep.com,"Gruenauer Strasse 91",21474,Lauenburg,"04153 23 61 81"
Bieber,Tobias,TobiasBieber@fleckens.hu,"Potsdamer Platz 88",83507,Wasserburg,"08382 68 03 15"
Hueber,Dennis,DennisHueber@teleworm.us,"Inge Beisheim Platz 44",21335,Lüneburg,"04131 66 43 63"
Hertzog,Benjamin,BenjaminHertzog@jourrapide.com,"Mühlenstrasse 30",93008,Regensburg,"0941 29 51 51"
Fuhrmann,Sven,SvenFuhrmann@armyspy.com,"Schoenebergerstrasse 14",18320,Ahrenshagen,"03821 99 54 62"
Engel,Melanie,MelanieEngel@gustr.com,"Sonnenallee 42",86026,Augsburg,"0821 50 47 28"
Schroeder,Philipp,PhilippSchroeder@rhyta.com,"Genterstrasse 28",24226,Heikendorf,"0431 16 76 15"
Baum,Monika,MonikaBaum@dayrep.com,"Budapester Straße 18",55469,Rayerschied,"06461 49 39 17"
Papst,Paul,PaulPapst@einrot.com,"Brandenburgische Strasse 5",76889,Pleisweiler-Oberhofen,"06343 81 93 21"
Ackerman,Dominik,DominikAckerman@armyspy.com,"Leipziger Strasse 76",68549,Ilvesheim,"0621 41 45 95"
Kastner,Max,MaxKastner@gustr.com,"Bayreuther Strasse 37",72768,"Reutlingen Weststadt","071 59 52 09"
Weissmuller,Uwe,UweWeissmuller@jourrapide.com,"An Der Urania 55",25853,Ahrenshöft,"04846 11 90 68"
Werfel,Paul,PaulWerfel@fleckens.hu,"Rathausstrasse 16",90562,Heroldsberg,"0911 79 34 99"
Austerlitz,Lena,LenaAusterlitz@einrot.com,"Bleibtreustraße 7",77971,Kippenheim,"07825 56 02 42"
Loewe,Martin,MartinLoewe@dayrep.com,"Rudower Strasse 45",54634,Bitburg,"06561 85 30 56"
Kastner,Leah,LeahKastner@dayrep.com,"Hallesches Ufer 10",73278,Schlierbach,"07021 83 82 61"
Kuefer,Kristin,KristinKuefer@armyspy.com,"Schillerstrasse 25",82505,Wolfratshausen,"08171 17 81 03"
Schwarz,Marco,MarcoSchwarz@rhyta.com,"Guentzelstrasse 37",97791,Obersinn,"06665 47 84 13"
Loewe,Mandy,MandyLoewe@jourrapide.com,"Paul-Nevermann-Platz 99",97714,Oerlenbach,"09725 99 23 44"
Maier,Dominik,DominikMaier@gustr.com,"Am Borsigturm 96",40883,"Ratingen Hösel","02102 35 59 18"
Baum,Tom,TomBaum@dayrep.com,"Mohrenstrasse 80",78588,Denkingen,"07424 81 70 30"
Ackerman,Michael,MichaelAckerman@gustr.com,"Motzstr. 7",55595,Münchwald,"06706 86 52 88"
Propst,Leon,LeonPropst@superrito.com,"Ufnau Strasse 4",87648,Aitrang,"08343 94 48 56"
Baum,René,ReneBaum@jourrapide.com,"Konstanzer Strasse 55",64807,Dieburg,"06071 65 20 87"
Schwarz,Manuela,ManuelaSchwarz@rhyta.com,"Mollstrasse 17",64289,Darmstadt,"06151 27 59 48"
Reinhardt,Philipp,PhilippReinhardt@teleworm.us,"Heiligengeistbrücke 2",97650,Fladungen,"09778 29 74 39"
Eisenhauer,Thomas,ThomasEisenhauer@einrot.com,"Fontenay 23",95677,Waldershof,"09231 88 34 40"
Fuhrmann,Tim,TimFuhrmann@gustr.com,"Kurfürstendamm 45",09127,Chemnitz,"0371 31 60 68"
Fruehauf,Alexander,AlexanderFruehauf@jourrapide.com,"Rosenstrasse 19",81333,München,"089 20 82 78"
Grunewald,Lena,LenaGrunewald@fleckens.hu,"Rudolstaedter Strasse 20",97859,Wiesthal,"06020 11 05 27"
Baum,David,DavidBaum@einrot.com,"Gotthardstrasse 8",09113,Chemnitz,"0371 94 24 46"
Freeh,Martina,MartinaFreeh@superrito.com,"Knesebeckstrasse 83",57632,Ziegenhain,"02685 28 65 03"
Schmitt,Thomas,ThomasSchmitt@rhyta.com,"Ansbacher Strasse 77",54689,Kickeshausen,"06550 14 84 67"
Schroeder,Ralf,RalfSchroeder@jourrapide.com,"Hedemannstasse 51",88518,Herbertingen,"07586 68 27 69"
Freeh,Wolfgang,WolfgangFreeh@cuvox.de,"Sonnenallee 61",86068,Augsburg,"0821 66 10 62"
Fruehauf,Dennis,DennisFruehauf@cuvox.de,"Rohrdamm 78",32107,"Bad Salzuflen Biemsen-Ahmsen","05208 55 82 40"
Drechsler,Martina,MartinaDrechsler@einrot.com,"Adenauerallee 38",17089,Bartow,"039991 43 30"
Becker,Matthias,MatthiasBecker@fleckens.hu,"Park Str. 81",42659,"Solingen Höhscheid","0212 92 04 93"
Weissmuller,Anke,AnkeWeissmuller@cuvox.de,"Albrechtstrasse 39",94004,Passau,"0851 58 64 06"
Reinhardt,Sara,SaraReinhardt@armyspy.com,"Am Borsigturm 6",41540,"Dormagen Hackenbroich","02133 13 65 20"
Zweig,Bernd,BerndZweig@rhyta.com,"Billwerder Neuer Deich 14",95028,Hof,"09281 54 24 93"
Propst,Karolin,KarolinPropst@gustr.com,"An Der Urania 85",25795,Stelle-Wittenwurth,"04837 52 40 70"
Herz,Kerstin,KerstinHerz@cuvox.de,"Rudolstaedter Strasse 5",63726,Aschaffenburg,"06021 40 73 94"
Drechsler,Jörg,JorgDrechsler@gustr.com,"Wallstrasse 4",56584,Meinborn,"02639 28 19 28"
Drechsler,Marie,MarieDrechsler@cuvox.de,"Rosenstrasse 80",81539,München,"089 86 17 52"
Loewe,Claudia,ClaudiaLoewe@einrot.com,"Invalidenstrasse 8",67482,Böbingen,"06327 39 95 08"
Kastner,Marcel,MarcelKastner@teleworm.us,"Friedrichstrasse 59",46117,"Oberhausen Eisenheim","0208 16 17 57"
Freeh,Ralph,RalphFreeh@fleckens.hu,"Jahnstrasse 59",83229,Aschau,"08057 92 68 56"
Schmitt,Ute,UteSchmitt@dayrep.com,"Mühlenstrasse 62",97206,Veitshöchheim,"0931 50 55 30"
Schwab,Matthias,MatthiasSchwab@jourrapide.com,"Stresemannstr. 1",66632,Tholey,"06853 81 42 59"
Engel,Sara,SaraEngel@teleworm.us,"Joachimstaler Str. 88",55471,Neuerkirch,"06761 82 05 54"
Schroeder,Johanna,JohannaSchroeder@einrot.com,"Lietzenburger Straße 2",48455,"Bad Bentheim","05924 87 46 06"
Engel,David,DavidEngel@jourrapide.com,"Fasanenstrasse 59",20459,"Hamburg Neustadt","040 88 56 96"
Maier,Doreen,DoreenMaier@superrito.com,"Sonnenallee 19",86040,Augsburg,"0821 88 49 77"
Aachen,Diana,DianaAachen@jourrapide.com,"Mohrenstrasse 82",88515,Langenenslingen,"07371 51 59 77"
Schwarz,Daniela,DanielaSchwarz@jourrapide.com,"Wallstrasse 93",53579,Erpel,"02644 12 49 49"
Maier,Gabriele,GabrieleMaier@dayrep.com,"Scharnweberstrasse 77",68309,"Mannheim Vogelstang","06211 35 04 99"
Weissmuller,Nadine,NadineWeissmuller@dayrep.com,"Genslerstraße 77",10409,"Berlin Weißensee","030 40 39 17"
Werfel,Sabrina,SabrinaWerfel@dayrep.com,"Storkower Strasse 57",56203,Höhr-Grenzhausen,"02624 82 31 93"
Fuhrmann,Marcel,MarcelFuhrmann@cuvox.de,"Schmarjestrasse 48",94366,Perasdorf,"09962 82 23 57"
Freytag,Antje,AntjeFreytag@jourrapide.com,"Motzstr. 53",55583,"Bad Münster am Stein-Ebernburg","06708 17 68 07"
Schroeder,Erik,ErikSchroeder@teleworm.us,"Rudower Chaussee 8",23552,Lübeck,"01805 15 12 91"
Grunewald,Sebastian,SebastianGrunewald@superrito.com,"Spresstrasse 50",24918,Flensburg,"0461 82 41 50"
Weisz,Kristian,KristianWeisz@rhyta.com,"Mühlenstrasse 17",97084,Würzburg,"0931 30 76 73"
Freeh,David,DavidFreeh@dayrep.com,"Waßmannsdorfer Chaussee 99",13509,"Berlin Wittenau","030 83 30 52"
Becker,Jonas,JonasBecker@rhyta.com,"Ziegelstr. 97",94090,Rotthalmünster,"08532 62 55 76"
Weisz,Jana,JanaWeisz@armyspy.com,"Schillerstrasse 50",85392,Attenkirchen,"08168 11 80 55"
Schroeder,Katharina,KatharinaSchroeder@rhyta.com,"Friedrichstrasse 87",46119,"Oberhausen Stadtmitte","0208 47 46 78"
Hertzog,Franziska,FranziskaHertzog@einrot.com,"Messedamm 97",06132,Halle,"0345 26 15 21"
König,Uwe,UweKonig@dayrep.com,"Eschenweg 78",07334,Bucha,"03641 60 08 30"
Propst,Marina,MarinaPropst@dayrep.com,"Alsterkrugchaussee 58",90599,Dietenhofen,"09105 91 66 58"
Schwarz,Andrea,AndreaSchwarz@jourrapide.com,"Leopoldstraße 99",10245,"Berlin Friedrichshain","030 55 84 96"
Herz,Dennis,DennisHerz@rhyta.com,"Kirchenallee 64",94551,Hunding,"09904 88 94 71"
Schmitz,Wolfgang,WolfgangSchmitz@rhyta.com,"Bayreuther Strasse 2",67661,"Kaiserslautern Innenstadt","063 23 09 10"
Reinhardt,Torsten,TorstenReinhardt@dayrep.com,"Hardenbergstraße 7",66903,Ohmbach,"06386 11 18 38"
Hertzog,Paul,PaulHertzog@gustr.com,"Leipziger Strasse 50",49082,Osnabrück,"0541 25 24 59"
Freeh,Dieter,DieterFreeh@dayrep.com,"Langenhorner Chaussee 28",93430,Furth,"08704 80 86 16"
Boehm,Angelika,AngelikaBoehm@gustr.com,"Eichendorffstr. 98",88047,"Friedrichshafen Kluftern","07541 96 35 60"
Papst,Andrea,AndreaPapst@cuvox.de,"Karl-Liebknecht-Strasse 20",27243,Kirchseelte,"04206 60 67 19"
Propst,Philipp,PhilippPropst@einrot.com,"Eichendorffstr. 87",88074,Meckenbeuren,"07542 71 68 60"
Maier,Thorsten,ThorstenMaier@fleckens.hu,"Chausseestr. 22",17302,Pasewalk,"03973 46 43 51"
Fuhrmann,Marco,MarcoFuhrmann@cuvox.de,"Kastanienallee 34",26835,Neukamperfehn,"04945 84 42 19"
Weissmuller,Lucas,LucasWeissmuller@superrito.com,"Mohrenstrasse 36",88499,Emeringen,"07373 22 99 97"
Schröder,Ines,InesSchroder@rhyta.com,"Frankfurter Allee 31",76228,"Karlsruhe Palmbach","0721 43 63 45"
Weisz,Yvonne,YvonneWeisz@rhyta.com,"Sömmeringstr. 17",75172,"Pforzheim Weststadt","07231 13 29 75"
Braun,Marina,MarinaBraun@rhyta.com,"Schmarjestrasse 70",15896,Neuzelle,"033652 73 49"
Fruehauf,Andrea,AndreaFruehauf@armyspy.com,"Langenhorner Chaussee 41",83425,"Bad Reichenhall","08651 25 59 32"
Braun,Laura,LauraBraun@fleckens.hu,"Lützowplatz 92",54314,Schömerich,"06587 55 60 10"
Reinhardt,Brigitte,BrigitteReinhardt@teleworm.us,"Landhausstraße 40",15504,Fürstenwalde,"03361 45 85 69"
Baum,Stephan,StephanBaum@armyspy.com,"Waldowstr. 97",74629,Pfedelbach,"07941 62 08 53"
Fuhrmann,Marco,MarcoFuhrmann@armyspy.com,"Paul-Nevermann-Platz 82",97708,"Bad Bocklet","09708 77 89 24"
Pfaff,Diana,DianaPfaff@jourrapide.com,"Borstelmannsweg 20",92655,Grafenwöhr,"09605 96 17 30"
Fruehauf,Luca,LucaFruehauf@cuvox.de,"Charlottenstrasse 48",01265,Dresden,"0351 59 94 63"
Braun,Dominik,DominikBraun@gustr.com,"Knesebeckstrasse 62",57632,Flammersfeld,"02685 17 71 47"
Schmitt,Martina,MartinaSchmitt@superrito.com,"Neuer Jungfernstieg 99",84048,Mainburg,"08751 85 62 58"
Weisz,Sophie,SophieWeisz@teleworm.us,"Lietzenburger Strasse 44",51688,Wipperfürth,"02192 31 35 02"
Freeh,Kevin,KevinFreeh@einrot.com,"Sonnenallee 14",86029,Augsburg,"0821 80 23 85"
Engel,Max,MaxEngel@teleworm.us,"Frankfurter Allee 74",79108,"Freiburg Hochdorf","0761 99 27 25"
Grunewald,Leonie,LeonieGrunewald@cuvox.de,"Langenhorner Chaussee 99",83313,Grub,"08662 69 61 15"
Weisz,Stephan,StephanWeisz@jourrapide.com,"Lietzenburger Straße 84",29396,Schönewörde,"05835 12 86 14"
Schroeder,Sara,SaraSchroeder@gustr.com,"Hans-Grade-Allee 37",24875,Havetoftloit,"04603 37 58 49"
Drechsler,Alexander,AlexanderDrechsler@fleckens.hu,"Luebeckertordamm 13",91466,Gerhardshofen,"09163 76 99 04"
Kuefer,Sven,SvenKuefer@cuvox.de,"Knesebeckstraße 19",89242,Senden,"02509 25 27 77"
Fruehauf,Christian,ChristianFruehauf@gustr.com,"Fontenay 38",95364,Ludwigschorgast,"09227 90 89 99"
Baum,Dieter,DieterBaum@jourrapide.com,"Schoenebergerstrasse 86",18401,Stralsund,"03831 20 28 84"
Blau,Marie,MarieBlau@gustr.com,"Rathausstrasse 80",86663,Asbach-Bäumenheim,"0906 99 94 21"
Schröder,Matthias,MatthiasSchroder@jourrapide.com,"Joachimstaler Str. 35",55481,Metzenhausen,"06763 31 18 02"
Vogel,Karin,KarinVogel@einrot.com,"Lange Strasse 33",85501,Ottobrunn,"089 92 70 79"
Aachen,Benjamin,BenjaminAachen@cuvox.de,"Marseiller Strasse 49",82444,Schlehdorf,"08841 68 19 24"
Blau,Sophie,SophieBlau@einrot.com,"Michaelkirchstr. 69",31714,Lauenhagen,"05721 62 27 23"
Loewe,Andreas,AndreasLoewe@rhyta.com,"Alt Reinickendorf 13",87504,Immenstadt,"08303 27 68 48"
Becker,Leonie,LeonieBecker@cuvox.de,"Pappelallee 35",36444,"Bad Liebenstein","036961 40 34"
Drechsler,Jan,JanDrechsler@jourrapide.com,"Sömmeringstr. 89",97249,Eisingen,"07232 56 13 53"
Loewe,Dominik,DominikLoewe@gustr.com,"Inge Beisheim Platz 66",25342,Glückstadt,"04124 74 99 64"
Fruehauf,Michelle,MichelleFruehauf@jourrapide.com,"Genslerstraße 69",14109,"Berlin Wannsee","030 36 84 87"
Vogel,Claudia,ClaudiaVogel@armyspy.com,"Paderborner Strasse 21",86839,Türkheim,"08245 54 13 66"
Pfaff,Diana,DianaPfaff@fleckens.hu,"Gotthardstrasse 91",09039,Chemnitz,"0371 63 43 61"
Austerlitz,Anja,AnjaAusterlitz@superrito.com,"Hermannstrasse 90",68647,Biblis,"06245 92 03 15"
Ackerman,Ines,InesAckerman@teleworm.us,"Hermannstrasse 84",66978,Leimen,"06224 27 66 25"
Vogel,Juliane,JulianeVogel@gustr.com,"Kurfürstenstraße 24",71685,Remseck,"07141 15 58 47"
Ackerman,Jessika,JessikaAckerman@superrito.com,"Rudower Strasse 60",54634,Niederstedem,"06561 34 59 45"
Hertzog,Petra,PetraHertzog@einrot.com,"Fontenay 43",95679,Waldershof,"09231 17 22 76"
Weisz,Patrick,PatrickWeisz@cuvox.de,"Paul-Nevermann-Platz 68",97756,Hammelburg,"09732 21 36 23"
Schmitt,Tobias,TobiasSchmitt@gustr.com,"Anhalter Strasse 16",67808,Ruppertsecken,"06361 58 35 55"
Engel,Sebastian,SebastianEngel@teleworm.us,"Hoheluftchaussee 38",06724,Bröckau,"034423 60 05"
Zweig,Jörg,JorgZweig@cuvox.de,"Lützowplatz 18",54314,Paschel,"06587 24 16 52"
Kuefer,Ulrich,UlrichKuefer@armyspy.com,"Leopoldstraße 66",44807,Bochum,"023 72 82 89"
Schmitt,Matthias,MatthiasSchmitt@rhyta.com,"Lietzenburger Strasse 7",51429,"Bergisch Gladbach Bärbroich","02202 79 09 86"
Schmitz,Diana,DianaSchmitz@jourrapide.com,"Paderborner Strasse 31",86330,Königsbrunn,"08231 96 66 43"
Hueber,Anna,AnnaHueber@rhyta.com,"Fischerinsel 84",41751,"Viersen Nette","02162 37 88 26"
Blau,Kerstin,KerstinBlau@fleckens.hu,"Hoheluftchaussee 50",93464,Tiefenbach,"034322 34 23"
Schmitz,Lena,LenaSchmitz@rhyta.com,"Schaarsteinweg 34",94363,Oberschneiding,"09424 66 94 83"
Zweig,Christin,ChristinZweig@gustr.com,"Knesebeckstraße 94",59069,Hamm,"02385 89 31 72"
Papst,Dominik,DominikPapst@gustr.com,"Motzstr. 16",55595,Münchwald,"06706 83 39 65"
Werfel,Stephanie,StephanieWerfel@teleworm.us,"Billwerder Neuer Deich 74",96265,Mitwitz,"09266 59 18 77"
Reinhardt,Tobias,TobiasReinhardt@cuvox.de,"Amsinckstrasse 10",03119,Welzow,"035751 51 39"
Pfaff,Maximilian,MaximilianPfaff@armyspy.com,"Unter den Linden 82",28195,"Bremen Altstadt","0421 73 64 62"
Schroeder,Torsten,TorstenSchroeder@cuvox.de,"Mollstrasse 14",65719,"Hofheim am Taunus","06122 47 45 46"
Hertzog,Doreen,DoreenHertzog@einrot.com,"Frankfurter Allee 94",79102,"Freiburg Stadt","0761 41 44 82"
Drechsler,Leon,LeonDrechsler@jourrapide.com,"Marseiller Strasse 98",86919,Utting,"08806 33 56 70"
Reinhardt,Nadine,NadineReinhardt@teleworm.us,"Rhinstrasse 18",81218,München,"089 45 74 65"
Kastner,Swen,SwenKastner@teleworm.us,"Neue Roßstr. 78",36041,Fulda,"0661 83 83 22"
Freytag,Martina,MartinaFreytag@superrito.com,"Kurfürstenstraße 54",73563,Mögglingen,"07174 66 05 79"
Weissmuller,Frank,FrankWeissmuller@jourrapide.com,"Schönwalder Allee 80",23758,Göhl,"04361 59 50 52"
Drechsler,Dirk,DirkDrechsler@armyspy.com,"Knesebeckstrasse 71",56307,Dernbach,"02689 76 98 44"
Grunewald,Sarah,SarahGrunewald@fleckens.hu,"Mellingburgredder 90",91781,Weißenburg,"09141 20 81 97"
Schmitt,Uwe,UweSchmitt@teleworm.us,"Jenaer Strasse 62",45131,Essen,"0201 32 42 28"
Eisenhauer,Sophie,SophieEisenhauer@teleworm.us,"Rankestraße 96",94119,Salzweg,"08501 68 82 27"
Schwab,Kerstin,KerstinSchwab@teleworm.us,"Ufnau Strasse 69",87624,Füssen,"08362 40 64 00"
Werfel,Swen,SwenWerfel@dayrep.com,"Esplanade 21",63908,Klingenberg,"09372 21 97 17"
Fuhrmann,Anna,AnnaFuhrmann@fleckens.hu,"Stuttgarter Platz 50",56379,Hömberg,"02604 95 53 24"
Blau,Matthias,MatthiasBlau@fleckens.hu,"Koenigstrasse 41",99326,Behringen,"036254 70 79"
Blau,Sebastian,SebastianBlau@jourrapide.com,"Am Borsigturm 59",42553,"Velbert Neviges","02051 55 49 58"
Maier,Mathias,MathiasMaier@teleworm.us,"Leopoldstraße 40",13503,"Berlin Heiligensee","030 60 69 73"
Propst,Jan,JanPropst@fleckens.hu,"Spresstrasse 16",33617,"Bielefeld Gadderbaum","0521 62 84 94"
Kuefer,Marie,MarieKuefer@fleckens.hu,"Prager Str 64",82323,Tutzing,"08157 38 41 72"
Austerlitz,Andreas,AndreasAusterlitz@superrito.com,"Grosse Praesidenten Str. 53",96185,Schönbrunn,"06272 51 80 83"
Schwab,Kristian,KristianSchwab@einrot.com,"Rudower Chaussee 72",23505,Lübeck,"01805 54 57 42"
Austerlitz,Petra,PetraAusterlitz@fleckens.hu,"Billwerder Neuer Deich 93",95153,Kirchenlamitz,"09284 64 97 86"
Maier,Christin,ChristinMaier@fleckens.hu,"Gotzkowskystrasse 5",56814,Faid,"02671 65 10 57"
Schwarz,Karin,KarinSchwarz@rhyta.com,"Kurfuerstendamm 82",85738,Garching,"089 20 66 22"
Aachen,Martina,MartinaAachen@rhyta.com,"Motzstr. 62",67585,Dorn-Dürkheim,"06733 82 70 28"
Schwab,Uwe,UweSchwab@armyspy.com,"Mühlenstrasse 53",93025,Regensburg,"0941 28 03 26"
Hertzog,Leah,LeahHertzog@teleworm.us,"Luetzowplatz 40",54533,Eisenschmitt,"06567 81 31 62"
Drechsler,Laura,LauraDrechsler@superrito.com,"Scharnweberstrasse 51",69517,Gorxheimertal,"06201 92 82 54"
Werfel,Mike,MikeWerfel@superrito.com,"Heinrich Heine Platz 5",02739,Eibau,"03586 14 13 48"
Schröder,Peter,PeterSchroder@jourrapide.com,"Hermannstrasse 59",67550,"Worms Abenheim","06241 98 64 08"
Austerlitz,Marcel,MarcelAusterlitz@armyspy.com,"Joachimstaler Str. 15",97731,Gemünden,"06765 48 34 33"
Kuefer,Swen,SwenKuefer@jourrapide.com,"Albrechtstrasse 50",87406,Kempten,"0831 88 29 99"
Becker,Eric,EricBecker@jourrapide.com,"Lietzenburger Strasse 39",67813,"Sankt Alban","02241 11 75 67"
Aachen,Ursula,UrsulaAachen@einrot.com,"Messedamm 79",06038,Halle,"0345 31 48 06"
Schwarz,Michael,MichaelSchwarz@einrot.com,"Charlottenstrasse 79",01222,Dresden,"0351 53 97 83"
Bieber,Juliane,JulianeBieber@superrito.com,"Rohrdamm 10",31863,Coppenbrügge,"05156 35 59 67"
Maier,Melanie,MelanieMaier@gustr.com,"Neue Roßstr. 30",73732,"Esslingen Obertal","0711 45 73 89"
Baum,Gabriele,GabrieleBaum@einrot.com,"Brandenburgische Str. 99",74343,Sachsenheim,"07046 26 71 36"
Schmitt,Steffen,SteffenSchmitt@dayrep.com,"Kantstrasse 66",90469,Nürnberg,"0911 29 99 05"
Pfaff,Uwe,UwePfaff@superrito.com,"Marseiller Strasse 85",86986,Schwabbruck,"08868 34 92 40"
Loewe,Martin,MartinLoewe@gustr.com,"Augsburger Straße 58",67580,Hamm,"02307 35 23 37"
Boehm,Ralph,RalphBoehm@gustr.com,"Neuer Jungfernstieg 35",98701,Allersdorf,"08772 60 62 87"
Loewe,Michael,MichaelLoewe@fleckens.hu,"Ziegelstr. 72",94086,Griesbach,"08532 28 32 58"
Aachen,Uwe,UweAachen@superrito.com,"Hans-Grade-Allee 27",23806,Wahlstedt,"04554 60 79 29"
Propst,Jennifer,JenniferPropst@dayrep.com,"Alt Reinickendorf 83",86637,Wertingen,"08272 75 92 28"
Schmitt,Benjamin,BenjaminSchmitt@dayrep.com,"Stresemannstr. 13",66629,Freisen,"06855 16 43 02"
Schwarz,Luca,LucaSchwarz@rhyta.com,"Meinekestraße 39",27259,Freistatt,"05442 74 66 03"
Ackerman,Matthias,MatthiasAckerman@armyspy.com,"Rathausstrasse 10",90710,Fürth,"0911 40 51 97"
Maier,Melanie,MelanieMaier@cuvox.de,"Konstanzer Strasse 64",63594,Hasselroth,"06055 17 47 00"
Fuhrmann,Mathias,MathiasFuhrmann@cuvox.de,"Kirchenallee 44",94262,Kollnburg,"09923 15 45 19"
Schroeder,Sabrina,SabrinaSchroeder@teleworm.us,"Hans-Grade-Allee 54",24823,Schleswig,"04621 31 34 56"
Papst,Uwe,UwePapst@jourrapide.com,"Ansbacher Strasse 84",54689,Preischeid,"06550 89 07 23"
Baum,Ute,UteBaum@fleckens.hu,"Ruschestrasse 95",19282,Ludwigslust,"03874 94 07 61"
Eisenhauer,Susanne,SusanneEisenhauer@rhyta.com,"Lietzensee-Ufer 28",01651,Meißen,"03521 78 05 95"
Drechsler,Sebastian,SebastianDrechsler@gustr.com,"Storkower Strasse 75",56244,Goddert,"02626 41 04 55"
Kastner,Katja,KatjaKastner@fleckens.hu,"Koenigstrasse 10",99897,Tambach-Dietharz,"036252 86 32"
Blau,Markus,MarkusBlau@einrot.com,"Leipziger Strasse 17",49084,Osnabrück,"0541 86 05 81"
Werfel,Maximilian,MaximilianWerfel@rhyta.com,"Heinrich Heine Platz 86",02605,Bautzen,"03591 22 22 79"
Braun,Sandra,SandraBraun@superrito.com,"Grolmanstraße 36",28359,"Bremen Lehe","0421 40 72 60"
Schwarz,Maik,MaikSchwarz@armyspy.com,"Prenzlauer Allee 77",04132,Leipzig,"0341 72 04 65"
Schwab,Gabriele,GabrieleSchwab@jourrapide.com,"Ellmenreichstrasse 82",91350,Gremsdorf,"09195 85 27 65"
Kuefer,Marcel,MarcelKuefer@cuvox.de,"Borstelmannsweg 68",92251,Schnaittenbach,"09604 65 20 35"
Loewe,Klaus,KlausLoewe@superrito.com,"Bleibtreustrasse 15",33104,"Paderborn Marienloh","05254 66 45 92"
Grunewald,Mathias,MathiasGrunewald@teleworm.us,"Paul-Nevermann-Platz 17",97602,"Bad Neustadt","09771 46 26 41"
Vogel,Christian,ChristianVogel@teleworm.us,"Brandenburgische Strasse 75",76889,Niederotterbach,"06340 97 41 09"
Weissmuller,Anna,AnnaWeissmuller@jourrapide.com,"Kurfuerstendamm 42",82159,Gräfelfing,"089 89 51 05"
Schwab,Heike,HeikeSchwab@rhyta.com,"Esplanade 60",63912,Amorbach,"09373 88 63 85"
Boehm,Diana,DianaBoehm@superrito.com,"Hardenbergstraße 57",66871,Reichweiler,"06384 78 37 27"
Pfaff,Uta,UtaPfaff@armyspy.com,"Hermannstrasse 93",69251,Gaiberg,"06223 35 75 23"
Braun,Michelle,MichelleBraun@einrot.com,"Schoenebergerstrasse 78",49586,Neuenkirchen,"03834 26 95 66"
Kastner,Dominik,DominikKastner@fleckens.hu,"Kastanienallee 38",26579,Baltrum,"04939 17 22 47"
Becker,Petra,PetraBecker@jourrapide.com,"Charlottenstrasse 85",03003,Cottbus,"0355 29 50 78"
Hueber,Steffen,SteffenHueber@einrot.com,"Fugger Strasse 36",46485,Wesel,"0281 97 60 84"
Engel,Christin,ChristinEngel@fleckens.hu,"Gruenauer Strasse 7",21376,Gödenstorf,"04172 89 41 19"
Boehm,Sara,SaraBoehm@rhyta.com,"Lützowplatz 61",54578,Berndorf,"06593 26 75 14"
Schroeder,Mike,MikeSchroeder@gustr.com,"Landsberger Allee 23",80050,München,"089 46 86 49"
Schröder,Petra,PetraSchroder@gustr.com,"Ruschestrasse 1",39631,Gardelegen,"03907 20 67 78"
Herz,Karolin,KarolinHerz@armyspy.com,"Park Str. 8",50823,"Köln Ehrenfeld","0221 44 79 31"
Schmitz,Christin,ChristinSchmitz@jourrapide.com,"Jenaer Strasse 91",42113,"Wuppertal Elberfeld","0202 78 68 62"
Schmitt,Tobias,TobiasSchmitt@einrot.com,"Chausseestr. 7",25471,Bönningstedt,"04106 48 00 18"
König,Dennis,DennisKonig@einrot.com,"Waldowstr. 5",73499,Wört,"07964 52 26 02"
Engel,Melanie,MelanieEngel@dayrep.com,"Sonnenallee 8",79108,"Freiburg Stadt","0761 29 60 67"
Schwarz,Sandra,SandraSchwarz@rhyta.com,"Luebeckertordamm 58",92283,Lauterhofen,"09186 18 53 17"
Reinhardt,Sarah,SarahReinhardt@fleckens.hu,"Storkower Strasse 42",56235,Ransbach-Baumbach,"02623 21 57 41"
Weissmuller,Michelle,MichelleWeissmuller@rhyta.com,"Meinekestraße 39",48496,Hopsten,"05457 96 68 44"
Blau,Dennis,DennisBlau@einrot.com,"Nuernbergerstrasse 36",22933,Bargteheide,"04532 87 77 02"
Zweig,Sebastian,SebastianZweig@cuvox.de,"Ellmenreichstrasse 15",91294,Forchheim,"09191 32 79 61"
Hueber,Patrick,PatrickHueber@cuvox.de,"Eschenweg 99",07724,Jena,"03641 64 98 14"
Freytag,Gabriele,GabrieleFreytag@jourrapide.com,"Lietzenburger Strasse 50",53819,Neunkirchen-Seelscheid,"02248 54 88 98"
Kastner,Jessica,JessicaKastner@armyspy.com,"An Der Urania 53",25693,Christianslust,"04853 90 53 54"
Freeh,Julia,JuliaFreeh@superrito.com,"Schoenebergerstrasse 16",08326,Sosa,"03773 55 81 25"
Ackerman,Jessika,JessikaAckerman@cuvox.de,"Hollander Strasse 62",65558,Hirschberg,"06439 42 84 65"
Schwab,Sabrina,SabrinaSchwab@dayrep.com,"Rankestraße 1",85280,Wolnzach,"08442 89 78 11"
Dreher,Jonas,JonasDreher@einrot.com,"Luckenwalder Strasse 84",31634,Steimbke,"05026 16 65 35"
Bieber,Felix,FelixBieber@jourrapide.com,"Kantstrasse 44",90411,Nürnberg,"0911 64 32 10"
Herz,Nicole,NicoleHerz@superrito.com,"Hochstrasse 8",25920,Risum-Lindholm,"04661 13 52 44"
Vogel,Lea,LeaVogel@fleckens.hu,"Bissingzeile 75",27632,Misselwarden,"04742 37 79 70"
Austerlitz,Thomas,ThomasAusterlitz@fleckens.hu,"Ellmenreichstrasse 29",95349,Thurnau,"09221 14 34 34"
Bieber,Monika,MonikaBieber@gustr.com,"Waßmannsdorfer Chaussee 64",22607,"Hamburg Bahrenfeld","040 81 05 15"
König,Lea,LeaKonig@dayrep.com,"Gotzkowskystraße 62",66746,Dillingen,"02771 67 16 75"
Dreher,Tim,TimDreher@armyspy.com,"Meininger Strasse 71",66571,Eppelborn,"06827 34 00 62"
Grunewald,Angelika,AngelikaGrunewald@gustr.com,"Albrechtstrasse 50",94016,Passau,"0851 37 35 68"
Herz,Benjamin,BenjaminHerz@rhyta.com,"Heiligengeistbrücke 27",91632,Wieseth,"09822 48 43 50"
Drechsler,Nicole,NicoleDrechsler@einrot.com,"Neuer Jungfernstieg 75",84324,Falkenberg,"08721 67 78 21"
Dreher,Barbara,BarbaraDreher@armyspy.com,"Bissingzeile 7",27729,Axstedt,"04748 26 07 88"
Herz,David,DavidHerz@armyspy.com,"Am Borsigturm 21",41462,"Neuss Weissenberg","02137 35 42 39"
Aachen,Stefan,StefanAachen@gustr.com,"Hans-Grade-Allee 62",24853,Jübek,"04625 72 13 18"
Eisenhauer,Torsten,TorstenEisenhauer@gustr.com,"Kastanienallee 27",25823,"St Peter-Ording","04863 68 68 18"
Austerlitz,Vanessa,VanessaAusterlitz@cuvox.de,"Ufnau Strasse 60",87779,Trunkelsberg,"08331 39 71 04"
Aachen,Petra,PetraAachen@einrot.com,"Stuttgarter Platz 32",56377,Nassau,"02604 58 14 51"
Hueber,Doreen,DoreenHueber@armyspy.com,"Gotzkowskystraße 22",59759,Arnsberg,"02932 54 95 92"
Blau,Paul,PaulBlau@teleworm.us,"Inge Beisheim Platz 10",23942,Barendorf,"04137 20 97 24"
Schmitt,Michelle,MichelleSchmitt@cuvox.de,"Lützowplatz 62",54552,Sarmersbach,"06592 57 31 22"
Boehm,Sebastian,SebastianBoehm@armyspy.com,"Ruschestrasse 63",23957,Wismar,"03841 92 60 59"
Braun,Ralph,RalphBraun@einrot.com,"Nuernbergerstrasse 72",26409,Wittmund,"04462 20 68 23"
Freytag,Ute,UteFreytag@rhyta.com,"Güntzelstrasse 26",54646,Stockem,"06527 50 30 72"
Freeh,Antje,AntjeFreeh@dayrep.com,"Storkower Strasse 83",56299,Ochtendung,"02625 25 80 50"
Schwarz,Antje,AntjeSchwarz@armyspy.com,"Bleibtreustraße 23",77756,Hausach,"07831 26 54 72"
Schmitz,Claudia,ClaudiaSchmitz@jourrapide.com,"Mollstrasse 61",65719,"Hofheim am Taunus","06122 21 25 03"
Grunewald,Yvonne,YvonneGrunewald@rhyta.com,"Mellingburgredder 66",91019,Erlangen,"09131 44 52 38"
Vogel,Ralf,RalfVogel@einrot.com,"Kastanienallee 11",25827,Tönning,"04861 67 71 74"
König,Leonie,LeonieKonig@rhyta.com,"Hans-Grade-Allee 79",24878,Jagel,"04624 42 03 18"
Hueber,Marcel,MarcelHueber@teleworm.us,"Ellmenreichstrasse 69",95491,Ahorntal,"09202 57 33 64"
Blau,Daniel,DanielBlau@rhyta.com,"Lietzensee-Ufer 29",02807,Görlitz,"03581 59 12 96"
Weisz,Jörg,JorgWeisz@cuvox.de,"Pappelallee 12",36448,"Bad Liebenstein","036961 90 11"
Austerlitz,Thomas,ThomasAusterlitz@cuvox.de,"Borstelmannsweg 58",92720,Schwarzenbach,"09605 74 16 25"
Bieber,Thomas,ThomasBieber@cuvox.de,"Ruschestrasse 85",19297,Grabow,"03921 17 70 47"
Braun,Ines,InesBraun@cuvox.de,"Invalidenstrasse 75",67435,"Neustadt an der Weinstraße Speyerdorf","06321 24 01 61"
Pfaff,Daniel,DanielPfaff@jourrapide.com,"Langenhorner Chaussee 85",83310,Siegsdorf,"08662 71 28 35"
Vogel,Mandy,MandyVogel@gustr.com,"Luebecker Strasse 79",96175,Pettstadt,"09502 54 76 47"
Blau,Jürgen,JurgenBlau@teleworm.us,"Charlottenstrasse 85",01262,Dresden,"0351 78 18 46"
Reinhardt,Petra,PetraReinhardt@superrito.com,"Los-Angeles-Platz 36",22858,Schenefeld,"040 10 94 42"
Schwarz,Christin,ChristinSchwarz@dayrep.com,"Gotzkowskystraße 96",33142,Büren,"02951 32 50 86"
Herz,Ines,InesHerz@fleckens.hu,"Esplanade 46",93092,Barbing,"09401 79 07 76"
Zweig,Dominik,DominikZweig@dayrep.com,"Kastanienallee 31",25575,Beringstedt,"04874 84 89 60"
König,Leah,LeahKonig@superrito.com,"Flughafenstrasse 59",92232,Sulzbach-Rosenberg,"09661 71 75 11"
Freeh,Philipp,PhilippFreeh@einrot.com,"Koepenicker Str. 15",55758,Veitsrodt,"06781 75 52 72"
Drechsler,Michael,MichaelDrechsler@superrito.com,"Buelowstrasse 23",56459,Kölbingen,"02663 45 63 38"
Hueber,Brigitte,BrigitteHueber@dayrep.com,"Fasanenstrasse 68",22549,"Hamburg Lurup","040 31 10 37"
Werfel,Tobias,TobiasWerfel@einrot.com,"Flughafenstrasse 14",92246,Vilseck,"09646 93 03 51"
Hueber,Peter,PeterHueber@fleckens.hu,"Amsinckstrasse 54",07616,Aubitz,"035265 38 81"
Maier,Julia,JuliaMaier@cuvox.de,"An der Schillingbrucke 49",73450,Neresheim,"07326 98 21 29"
Dreher,Eric,EricDreher@einrot.com,"Schmarjestrasse 18",15896,Neuzelle,"033652 55 41"
Austerlitz,Florian,FlorianAusterlitz@armyspy.com,"Unter den Linden 82",39050,Magdeburg,"0391 19 13 92"
Fuhrmann,René,ReneFuhrmann@teleworm.us,"Gruenauer Strasse 7",21358,Mechtersen,"04178 92 97 12"
Loewe,Tanja,TanjaLoewe@superrito.com,"Kantstraße 32",08601,Oelsnitz,"03741 28 29 02"
Baum,Markus,MarkusBaum@einrot.com,"Pasewalker Straße 3",76547,Sinzheim,"07223 52 02 74"
König,Lena,LenaKonig@jourrapide.com,"Gubener Str. 18",83556,Griesstätt,"08038 96 47 93"
Fuhrmann,Lea,LeaFuhrmann@teleworm.us,"Jahnstrasse 11",83536,Gars,"08072 23 75 56"
Grunewald,Maik,MaikGrunewald@gustr.com,"Hollander Strasse 17",65589,Hadamar,"06433 90 20 63"
Maier,Philipp,PhilippMaier@jourrapide.com,"Bissingzeile 75",21775,Steinau,"04756 30 54 21"
Werfel,Maria,MariaWerfel@jourrapide.com,"Flughafenstrasse 21",92522,Oberviechtach,"09671 54 96 77"
Braun,Julia,JuliaBraun@superrito.com,"Hallesches Ufer 76",73278,Schlierbach,"07021 78 64 37"
Hertzog,Christina,ChristinaHertzog@gustr.com,"Kantstrasse 77",90247,Nürnberg,"0911 37 64 08"
Schröder,Simone,SimoneSchroder@teleworm.us,"Leipziger Straße 16",34320,Söhrewald,"05608 56 06 89"
König,Vanessa,VanessaKonig@gustr.com,"Genterstrasse 21",24105,Kiel,"0431 56 45 27"
Blau,Silke,SilkeBlau@einrot.com,"Kastanienallee 37",26835,Firrel,"04946 57 55 14"
Dreher,Claudia,ClaudiaDreher@superrito.com,"Gotthardstrasse 86",85551,Kirchheim,"0361 14 66 63"
Propst,Leah,LeahPropst@teleworm.us,"Meinekestraße 3",49453,Dickel,"05445 67 54 40"
Hertzog,Ulrich,UlrichHertzog@jourrapide.com,"Esplanade 19",85619,Feldkirchen,"09420 26 61 51"
Schröder,Jörg,JorgSchroder@dayrep.com,"Kastanienallee 21",82225,Seefeld,"04872 16 79 14"
Herz,Wolfgang,WolfgangHerz@jourrapide.com,"Augsburger Strasse 28",57520,Derschen,"02743 29 64 53"
Engel,Michael,MichaelEngel@armyspy.com,"Brandenburgische Straße 84",13158,"Berlin Niederschönhausen","030 98 70 18"
Hueber,Sara,SaraHueber@rhyta.com,"Konstanzer Strasse 69",87725,Babenhausen,"06073 73 29 30"
Bieber,Thorsten,ThorstenBieber@fleckens.hu,"Ansbacher Strasse 19",55608,Schneppenbach,"06544 80 87 68"
Kastner,Manuela,ManuelaKastner@fleckens.hu,"Koepenicker Str. 3",92610,Weiden,"06785 19 78 11"
Ackerman,Ulrich,UlrichAckerman@cuvox.de,"Waldowstr. 59",83737,Irschenberg,"08020 44 35 33"
Freeh,Franziska,FranziskaFreeh@gustr.com,"Schaarsteinweg 90",93087,Alteglofsheim,"09453 28 19 57"
Austerlitz,Niklas,NiklasAusterlitz@superrito.com,"Flotowstr. 56",06872,"Lutherstadt Wittenberg","03491 96 98 31"
Hertzog,Sophie,SophieHertzog@cuvox.de,"Sonnenallee 74",86167,Augsburg,"0821 90 27 65"
Pfaff,Sebastian,SebastianPfaff@cuvox.de,"Güntzelstrasse 71",54426,Hilscheid,"06504 29 03 13"
Pfaff,Mathias,MathiasPfaff@cuvox.de,"Eschenweg 29",07717,Jena,"03641 79 56 01"
Kuefer,Frank,FrankKuefer@cuvox.de,"Fischerinsel 26",41063,"Mönchengladbach Großheide","02161 34 70 19"
Papst,Tobias,TobiasPapst@dayrep.com,"Büsingstrasse 16",82213,Maisach,"08135 81 96 45"
Propst,David,DavidPropst@gustr.com,"Schillerstrasse 57",86453,Dasing,"08205 22 41 98"
Becker,Dieter,DieterBecker@teleworm.us,"Storkower Strasse 50",56244,Ötzingen,"02626 43 03 41"
Fuhrmann,Wolfgang,WolfgangFuhrmann@rhyta.com,"Augsburger Straße 58",58453,"Witten Rüdinghausen","02302 47 92 80"
Hertzog,Petra,PetraHertzog@rhyta.com,"Genslerstraße 35",10963,"Berlin Tiergarten","030 22 58 77"
Aachen,Klaudia,KlaudiaAachen@cuvox.de,"Anhalter Strasse 36",67744,Rathskirchen,"06364 82 88 42"
Grunewald,Christina,ChristinaGrunewald@teleworm.us,"Feldstrasse 99",38889,Altenbrak,"039456 69 22"
Dreher,Klaus,KlausDreher@cuvox.de,"Paul-Nevermann-Platz 32",97409,Schweinfurt,"09721 33 74 20"
Vogel,Kevin,KevinVogel@jourrapide.com,"Stresemannstr. 72",66606,"Sankt Wendel","06851 22 42 66"
Eisenhauer,Karolin,KarolinEisenhauer@einrot.com,"Büsingstrasse 35",85752,Karlsfeld,"08131 32 69 21"
Aachen,Max,MaxAachen@einrot.com,"Meininger Strasse 72",55758,Sien,"06788 34 00 08"
Weisz,Patrick,PatrickWeisz@teleworm.us,"Esplanade 64",93107,Thalmassing,"09405 95 75 31"
Reinhardt,Andrea,AndreaReinhardt@gustr.com,"Stresemannstr. 71",66564,Ottweiler,"06858 69 63 10"
Braun,Stefanie,StefanieBraun@dayrep.com,"Ziegelstr. 79",94155,Otterskirchen,"08546 38 94 69"
Werfel,Dieter,DieterWerfel@cuvox.de,"Pohlstrasse 60",38322,Hedeper,"05336 29 95 01"
Vogel,Christina,ChristinaVogel@teleworm.us,"Lietzenburger Straße 81",29578,Eimke,"05826 18 81 59"
Schröder,Mandy,MandySchroder@superrito.com,"Fasanenstrasse 25",22159,"Hamburg Sasel","040 91 62 44"