Beich,Michelle,MichelleBeich@einrot.com,"Alt-Moabit 17",14794,Lehnin,"03382 34 56 84"
Keller,Jennifer,JenniferKeller@fleckens.hu,"Bayreuther Strasse 70",72768,"Reutlingen Römerschanze","071 87 08 99"
Drechsler,Jan,JanDrechsler@jourrapide.com,"Sömmeringstr. 89",97249,Eisingen,"07232 56 13 53"
Diederich,Klaus,KlausDiederich@armyspy.com,"An der Alster 49",39245,Dannigkow,"039200 16 90"
Beich,Ralf,RalfBeich@jourrapide.com,"Bayreuther Strasse 26",72760,"Reutlingen Nordstadt","071 87 67 47"
Müller,Marko,MarkoMuller@cuvox.de,"Hallesches Ufer 1",66620,Nonnweiler,"06873 90 35 86"
Rothschild,Thomas,ThomasRothschild@teleworm.us,"Leipziger Straße 57",34233,Fuldatal,"05607 24 62 24"
Oster,Lucas,LucasOster@teleworm.us,"Rankestraße 47",85120,Hepberg,"08456 85 36 22"
Eggers,Paul,PaulEggers@jourrapide.com,"Hedemannstasse 20",72419,Neufra,"07574 21 20 60"
Klein,Dieter,DieterKlein@cuvox.de,"Frankfurter Allee 89",88213,Ravensburg,"0751 22 12 43"
Kortig,Susanne,SusanneKortig@dayrep.com,"Bayreuther Strasse 39",89075,"Ulm Böfingen","073 45 04 19"
Burger,Lea,LeaBurger@cuvox.de,"Luebeckertordamm 11",91211,Hersbruck,"09151 73 55 63"
Schuhmacher,Karin,KarinSchuhmacher@rhyta.com,"Karl-Liebknecht-Strasse 7",27313,Dörverden,"04231 71 14 24"
Schroeder,Matthias,MatthiasSchroeder@gustr.com,"Hans-Grade-Allee 25",24983,Handewitt,"04608 80 27 35"
Drechsler,Nicole,NicoleDrechsler@einrot.com,"Neuer Jungfernstieg 75",84324,Falkenberg,"08721 67 78 21"
Abend,Monika,MonikaAbend@rhyta.com,"Nuernbergerstrasse 56",26670,Uplengen,"04489 85 06 69"
Luft,Claudia,ClaudiaLuft@fleckens.hu,"Guentzelstrasse 99",34599,Neuental,"06693 99 48 33"
Trommler,Mario,MarioTrommler@armyspy.com,"Pohlstrasse 85",38368,Querenhorst,"05356 26 46 82"
Mahler,Dieter,DieterMahler@fleckens.hu,"Konstanzer Strasse 60",63329,Egelsbach,"06103 32 56 24"
Daecher,Silke,SilkeDaecher@rhyta.com,"Bissingzeile 75",25794,Dörpling,"04803 80 74 14"
Farber,Maximilian,MaximilianFarber@superrito.com,"Rosenstrasse 51",81476,München,"089 26 07 58"
Glockner,Karin,KarinGlockner@superrito.com,"Joachimstaler Str. 89",56357,"Holzhausen an der Haide","06772 52 20 81"
Achen,Torsten,TorstenAchen@fleckens.hu,"Luebeckertordamm 54",91462,Dachsbach,"09163 12 24 40"
Gersten,Thomas,ThomasGersten@superrito.com,"Luetzowplatz 6",54636,Baustert,"06569 93 11 67"
Durr,Patrick,PatrickDurr@armyspy.com,"Hollander Strasse 45",65623,Schiesheim,"06430 76 10 42"
Eberhardt,Marina,MarinaEberhardt@einrot.com,"Brandenburgische Str 58",55569,Nußbaum,"06751 32 57 45"
Schultz,Marko,MarkoSchultz@teleworm.us,"Brandenburgische Straße 56",13088,"Berlin Malchow","030 32 58 72"
Schwarz,Michael,MichaelSchwarz@einrot.com,"Charlottenstrasse 79",01222,Dresden,"0351 53 97 83"
Richter,Peter,PeterRichter@einrot.com,"Gotthardstrasse 20",09123,Chemnitz,"0371 66 97 30"
Huber,Ulrike,UlrikeHuber@teleworm.us,"Kurfürstendamm 78",18011,Rostock,"0381 25 36 91"
Pfeifer,Sabine,SabinePfeifer@dayrep.com,"An der Alster 59",39647,Mieste,"039082 22 95"
Berg,Daniel,DanielBerg@teleworm.us,"Luebecker Strasse 14",96196,Wattendorf,"09504 79 10 58"
Duerr,Anna,AnnaDuerr@cuvox.de,"Langenhorner Chaussee 48",84483,Burghausen,"08677 32 80 94"
Schmid,Franziska,FranziskaSchmid@dayrep.com,"Hollander Strasse 62",35325,Mücke,"06400 66 95 12"
Eichel,Tanja,TanjaEichel@fleckens.hu,"Joachimstaler Str. 82",55471,Sargenroth,"06761 90 41 91"
Thalberg,Melanie,MelanieThalberg@gustr.com,"Bleibtreustrasse 89",33014,"Bad Driburg","05253 42 35 11"
Zimmer,Ulrike,UlrikeZimmer@fleckens.hu,"Luebeckertordamm 53",91238,Engelthal,"09158 20 85 74"
Wexler,Jennifer,JenniferWexler@armyspy.com,"Neue Roßstr. 87",70794,Filderstadt,"0711 36 82 08"
Mahler,Marko,MarkoMahler@einrot.com,"Brandenburgische Str. 99",75210,Keltern,"07082 27 99 59"
Richter,Susanne,SusanneRichter@dayrep.com,"Nuernbergerstrasse 36",23665,"Timmendorfer Strand","04503 96 26 05"
Kaiser,Nadine,NadineKaiser@fleckens.hu,"Neuer Jungfernstieg 17",84023,Landshut,"08707 12 18 34"
Fenstermacher,Max,MaxFenstermacher@cuvox.de,"Pasewalker Straße 94",76534,Baden-Baden,"07221 61 29 00"
Ehrlichmann,Ines,InesEhrlichmann@fleckens.hu,"Kantstraße 32",91271,Auerbach,"03721 90 42 30"
Unger,Dirk,DirkUnger@gustr.com,"Billwerder Neuer Deich 46",91289,Schnabelwaid,"09270 97 01 25"
Finkel,Ulrike,UlrikeFinkel@cuvox.de,"Park Str. 33",42719,"Solingen Merscheid","0212 45 89 51"
Kohler,Claudia,ClaudiaKohler@fleckens.hu,"Gubener Str. 70",83085,Kiefersfelden,"08033 40 30 13"
Hueber,Sara,SaraHueber@rhyta.com,"Konstanzer Strasse 69",87725,Babenhausen,"06073 73 29 30"
Ziegler,Steffen,SteffenZiegler@fleckens.hu,"Reeperbahn 36",18352,Barth,"038231 84 21"
Oster,Jan,JanOster@teleworm.us,"Fugger Strasse 95",14427,Potsdam,"0331 87 11 89"
Zimmer,Kathrin,KathrinZimmer@gustr.com,"Langenhorner Chaussee 31",83336,Chieming,"08664 68 78 74"
Maur,Yvonne,YvonneMaur@rhyta.com,"Gubener Str. 26",83106,Großkarolinenfeld,"08031 61 41 60"
Wechsler,Tanja,TanjaWechsler@armyspy.com,"Bissingzeile 29",27616,Lunestedt,"04748 87 17 77"
Wechsler,Jürgen,JurgenWechsler@teleworm.us,"Neue Roßstr. 21",54296,"Trier Trier-Nord","0651 32 80 15"
Dresdner,Susanne,SusanneDresdner@cuvox.de,"Meinekestraße 55",49638,Nortrup,"05433 12 41 16"
Gaertner,Michelle,MichelleGaertner@teleworm.us,"Langenhorner Chaussee 28",83384,Freilassing,"08654 41 25 66"
Schweizer,Jan,JanSchweizer@rhyta.com,"Storkower Strasse 32",56566,"Neuwied Heimbach-Weis","02622 43 19 89"
Weiss,Patrick,PatrickWeiss@fleckens.hu,"Leipziger Strasse 75",35398,Gießen,"0641 91 75 25"
Bader,Bernd,BerndBader@superrito.com,"Luckenwalder Strasse 86",31249,Hohenhameln,"05128 56 49 09"
Weiß,Monika,MonikaWeiss@cuvox.de,"Ellmenreichstrasse 14",91294,Forchheim,"09191 22 73 54"
Furst,Christian,ChristianFurst@einrot.com,"Mellingburgredder 27",90539,Eckental,"09126 29 00 49"
Winkel,Dominik,DominikWinkel@superrito.com,"Grolmanstraße 16",28755,"Bremen Fähr-Lobbendorf","0421 92 53 47"
Keller,Tanja,TanjaKeller@superrito.com,"Schmarjestrasse 81",14552,Fresdorf,"033205 15 30"
Moench,Laura,LauraMoench@gustr.com,"Schönhauser Allee 2",79286,Glottertal,"07684 27 21 81"
Drechsler,Dirk,DirkDrechsler@armyspy.com,"Knesebeckstrasse 71",56307,Dernbach,"02689 76 98 44"
Jaeger,Birgit,BirgitJaeger@cuvox.de,"Pohlstrasse 9",38387,Söllingen,"05354 97 73 95"
Eisenberg,Jörg,JorgEisenberg@fleckens.hu,"Michaelkirchstr. 29",34385,"Bad Karlshafen","05672 37 38 28"
Fuchs,Dirk,DirkFuchs@superrito.com,"Schillerstrasse 21",85395,Attenkirchen,"08168 69 47 96"
Krueger,Stephanie,StephanieKrueger@superrito.com,"Holstenwall 72",06305,Klostermansfeld,"034772 62 49"
Muench,Juliane,JulianeMuench@armyspy.com,"Rhinstrasse 33",80913,München,"089 11 82 34"
Fenstermacher,Peter,PeterFenstermacher@gustr.com,"Prenzlauer Allee 41",04103,Leipzig,"0341 41 30 49"
König,Lena,LenaKonig@jourrapide.com,"Gubener Str. 18",83556,Griesstätt,"08038 96 47 93"
Lehrer,Maik,MaikLehrer@superrito.com,"Konstanzer Strasse 61",64732,"Bad König","06063 29 67 28"
Hoch,Max,MaxHoch@jourrapide.com,"Alt-Moabit 56",06602,Naumburg,"03445 14 05 25"
Hofmann,Brigitte,BrigitteHofmann@gustr.com,"An der Schillingbrucke 56",88524,Uttenweiler,"07357 62 66 74"
Schäfer,Sabrina,SabrinaSchafer@cuvox.de,"Ruschestrasse 32",17168,Belitz,"03844 40 57 73"
Kunze,Max,MaxKunze@fleckens.hu,"Buelowstrasse 12",56459,Brandscheid,"02663 89 42 33"
Baader,Vanessa,VanessaBaader@fleckens.hu,"Buelowstrasse 29",55606,Limbach,"02662 28 81 27"
Moench,Leon,LeonMoench@fleckens.hu,"Waldowstr. 99",74749,Rosenberg,"07959 91 63 38"
Hartmann,Stefan,StefanHartmann@dayrep.com,"Lützowplatz 24",54316,Schöndorf,"06588 56 90 76"
Scherer,Ralf,RalfScherer@fleckens.hu,"Lützowplatz 20",54552,Dockweiler,"06595 58 63 19"
Zimmermann,Eric,EricZimmermann@cuvox.de,"Flotowstr. 22",06324,Hettstedt,"03476 29 20 85"
König,Monika,MonikaKonig@gustr.com,"Luetzowplatz 3",54636,Wiersdorf,"06569 58 01 54"
Aachen,Diana,DianaAachen@jourrapide.com,"Mohrenstrasse 82",88515,Langenenslingen,"07371 51 59 77"
Pfeiffer,Thorsten,ThorstenPfeiffer@superrito.com,"Prager Str 17",82284,Grafrath,"08144 60 60 62"
Pabst,Uwe,UwePabst@teleworm.us,"An der Schillingbrucke 79",89551,Königsbronn,"07328 77 40 74"
Gaertner,Jennifer,JenniferGaertner@einrot.com,"Anhalter Strasse 46",66851,Mittelbrunn,"06371 33 61 92"
Frei,Leonie,LeonieFrei@superrito.com,"Eichendorffstr. 48",88637,Leibertingen,"07466 74 59 11"
Seiler,Markus,MarkusSeiler@jourrapide.com,"Pasewalker Straße 20",71549,Auenwald,"07191 79 91 93"
Mayer,Annett,AnnettMayer@einrot.com,"Albrechtstrasse 75",86425,Kissing,"0821 18 84 72"
Trommler,Anne,AnneTrommler@teleworm.us,"Rankestraße 86",85262,Pfaffenhofen,"08441 19 95 21"
Herrmann,Vanessa,VanessaHerrmann@teleworm.us,"Frankfurter Allee 78",89211,Neu-Ulm,"0731 83 62 28"
Meister,Lena,LenaMeister@fleckens.hu,"Ruschestrasse 31",19202,Gadebusch,"03886 60 31 58"
Dresdner,Petra,PetraDresdner@superrito.com,"Oldesloer Strasse 26",96271,Grub,"036846 16 58"
Amsel,Katharina,KatharinaAmsel@armyspy.com,"Park Str. 30",50767,"Köln Chorweiler","0221 46 97 41"
Durr,Karin,KarinDurr@teleworm.us,"Scharnweberstrasse 45",68809,Neulußheim,"06205 79 07 44"
Konig,Jan,JanKonig@gustr.com,"Hoheluftchaussee 58",04651,"Bad Lausick","034341 11 04"
Brandt,Thorsten,ThorstenBrandt@jourrapide.com,"Motzstr. 40",55234,Nack,"06736 92 73 61"
Bumgarner,Swen,SwenBumgarner@rhyta.com,"Amsinckstrasse 32",02951,"Bad Muskau","035771 63 28"
Gottschalk,Lena,LenaGottschalk@dayrep.com,"Amsinckstrasse 72",02953,"Bad Muskau","035771 71 17"
Müller,Daniela,DanielaMuller@einrot.com,"Paderborner Strasse 42",86817,"Bad Wörishofen","08247 47 66 25"
Sanger,Katja,KatjaSanger@armyspy.com,"Anhalter Strasse 82",67725,Breunigweiler,"06357 93 90 62"
Hoover,Daniela,DanielaHoover@jourrapide.com,"Schillerstrasse 69",82269,Geltendorf,"08193 70 78 50"
Rothschild,Kristin,KristinRothschild@einrot.com,"Waßmannsdorfer Chaussee 12",13439,"Berlin Wittenau","030 21 26 70"
Rothstein,Frank,FrankRothstein@rhyta.com,"Prager Str 31",82118,Gauting,"08153 60 11 59"
Bieber,Thorsten,ThorstenBieber@fleckens.hu,"Ansbacher Strasse 19",55608,Schneppenbach,"06544 80 87 68"
Baecker,René,ReneBaecker@teleworm.us,"Spresstrasse 94",24919,Flensburg,"0461 19 20 74"
Beckenbauer,Marko,MarkoBeckenbauer@cuvox.de,"Storkower Strasse 5",56379,Zimmerschied,"02608 52 88 89"
Lehmann,Philipp,PhilippLehmann@dayrep.com,"Karl-Liebknecht-Strasse 2",24568,Kaltenkirchen,"04191 93 61 59"
Herz,Wolfgang,WolfgangHerz@jourrapide.com,"Augsburger Strasse 28",57520,Derschen,"02743 29 64 53"
Abt,Dominik,DominikAbt@armyspy.com,"Flotowstr. 34",06759,Wolfen,"03494 30 30 70"
Osterhagen,Martina,MartinaOsterhagen@einrot.com,"Albrechtstrasse 24",86382,Stadtbergen,"0821 31 14 35"
Schmidt,Leon,LeonSchmidt@teleworm.us,"Augsburger Strasse 66",53539,Brücktal,"02692 75 17 72"
Gruenewald,Yvonne,YvonneGruenewald@gustr.com,"Ufnau Strasse 42",87635,Seeg,"08364 35 17 39"
Muller,Anna,AnnaMuller@superrito.com,"Fasanenstrasse 29",20355,"Hamburg Sankt Pauli","040 66 70 96"
Duerr,Monika,MonikaDuerr@rhyta.com,"Ruschestrasse 95",38866,Ilsenburg,"03943 59 27 84"
Hahn,Christin,ChristinHahn@rhyta.com,"Buelowstrasse 93",57629,Streithausen,"02662 76 11 34"
Bar,Brigitte,BrigitteBar@gustr.com,"Waßmannsdorfer Chaussee 29",22085,"Hamburg Barmbek-Süd","040 98 02 11"
Gottschalk,Kristian,KristianGottschalk@gustr.com,"Prenzlauer Allee 24",04347,Leipzig,"0341 69 12 93"
Zimmerman,Katja,KatjaZimmerman@fleckens.hu,"Amsinckstrasse 79",01831,Stolpen,"035973 68 66"
Eisenhower,Stefan,StefanEisenhower@teleworm.us,"Spresstrasse 57",33609,"Bielefeld Innenstadt","0521 92 56 49"
Holzman,Marina,MarinaHolzman@teleworm.us,"Flotowstr. 95",06406,Bernburg,"03471 57 29 49"
Becker,Eric,EricBecker@jourrapide.com,"Lietzenburger Strasse 39",67813,"Sankt Alban","02241 11 75 67"
Traugott,Silke,SilkeTraugott@fleckens.hu,"Oldesloer Strasse 68",07423,Königsee,"036738 42 15"
Klug,Andreas,AndreasKlug@teleworm.us,"Brandenburgische Str. 32",75210,Keltern,"07082 84 30 71"
Müller,Dirk,DirkMuller@dayrep.com,"Hardenbergstraße 24",66879,Kollweiler,"06385 54 51 72"
Maier,Julia,JuliaMaier@cuvox.de,"An der Schillingbrucke 49",73450,Neresheim,"07326 98 21 29"
Theiss,Maximilian,MaximilianTheiss@teleworm.us,"Kurfuerstendamm 74",80003,München,"089 77 51 93"
Herz,Ines,InesHerz@fleckens.hu,"Esplanade 46",93092,Barbing,"09401 79 07 76"
Neumann,Phillipp,PhillippNeumann@rhyta.com,"Rosenstrasse 40",81509,München,"089 35 12 61"
Walter,Sabine,SabineWalter@fleckens.hu,"Hallesches Ufer 76",94478,Grafenau,"07033 62 00 40"
Decker,Andrea,AndreaDecker@cuvox.de,"Rudower Chaussee 80",46242,"Bottrop Süd","02045 71 40 27"
Wulf,Martin,MartinWulf@jourrapide.com,"Lange Strasse 64",81801,München,"089 56 87 50"
Freitag,Daniela,DanielaFreitag@fleckens.hu,"Schaarsteinweg 86",94336,Hunderdorf,"09422 91 24 84"
Junker,Christine,ChristineJunker@dayrep.com,"Langenhorner Chaussee 51",93430,Furth,"08704 29 99 35"
Meyer,Maximilian,MaximilianMeyer@armyspy.com,"Brandenburgische Straße 25",13125,"Berlin Karow","030 10 56 70"
Fruehauf,Christian,ChristianFruehauf@gustr.com,"Fontenay 38",95364,Ludwigschorgast,"09227 90 89 99"
Bader,Jessika,JessikaBader@superrito.com,"Holstenwall 53",06309,Helbra,"034772 64 88"
Unger,Katja,KatjaUnger@superrito.com,"Gotzkowskystraße 54",35708,Haiger,"02771 66 10 36"
Freud,Felix,FelixFreud@jourrapide.com,"Fasanenstrasse 90",20355,"Hamburg Sankt Pauli","040 74 45 73"
Schreiner,Tom,TomSchreiner@jourrapide.com,"Rudower Chaussee 42",91507,Ansbach,"0981 95 29 29"
Fruehauf,Kristin,KristinFruehauf@rhyta.com,"Pappelallee 84",99840,Ruhla,"036929 82 89"
Rothschild,Yvonne,YvonneRothschild@einrot.com,"Straße der Pariser Kommune 84",50939,"Köln Lindenthal","0221 69 72 41"
Decker,Lukas,LukasDecker@gustr.com,"Gotthardstrasse 69",99015,Erfurt,"0361 90 53 20"
Mauer,Nadine,NadineMauer@gustr.com,"Gotzkowskystraße 76",59494,Soest,"02921 73 55 28"
Engel,Sebastian,SebastianEngel@teleworm.us,"Hoheluftchaussee 38",06724,Bröckau,"034423 60 05"
Winkel,Matthias,MatthiasWinkel@dayrep.com,"Borstelmannsweg 50",96154,Burgwindheim,"09551 15 35 72"
Freud,Christine,ChristineFreud@rhyta.com,"Gruenauer Strasse 52",21496,Geesthacht,"04152 43 23 35"
Neudorf,Marco,MarcoNeudorf@einrot.com,"Mohrenstrasse 92",89608,Griesingen,"07391 12 39 57"
Neustadt,Julia,JuliaNeustadt@rhyta.com,"Knesebeckstrasse 98",57612,Volkerzen,"02681 60 63 61"
Reinhard,Marco,MarcoReinhard@einrot.com,"Hallesches Ufer 93",94476,Grafenau,"07033 80 81 80"
Rothstein,Daniela,DanielaRothstein@armyspy.com,"Gotthardstrasse 57",09006,Chemnitz,"0371 36 99 57"
Bumgarner,Ralph,RalphBumgarner@fleckens.hu,"Landsberger Allee 3",80097,München,"089 76 21 10"
Loewe,Felix,FelixLoewe@teleworm.us,"Mohrenstrasse 80",89604,Allmendingen,"07384 13 23 24"
Frey,Karolin,KarolinFrey@fleckens.hu,"Esplanade 86",93188,Pielenhofen,"09409 22 82 35"
Beckenbauer,Sebastian,SebastianBeckenbauer@dayrep.com,"Rohrdamm 36",32108,"Bad Salzuflen Retzen","05208 83 13 11"
Peters,Wolfgang,WolfgangPeters@cuvox.de,"Rosenstrasse 55",81619,München,"089 82 84 13"
Dietrich,Jörg,JorgDietrich@dayrep.com,"Heiligengeistbrücke 90",91471,Illesheim,"09841 99 30 50"
Maier,Melanie,MelanieMaier@gustr.com,"Neue Roßstr. 30",73732,"Esslingen Obertal","0711 45 73 89"
Faber,Philipp,PhilippFaber@armyspy.com,"Motzstr. 73",55234,Framersheim,"06733 92 71 21"
Baer,Jessica,JessicaBaer@jourrapide.com,"Luckenwalder Strasse 59",31749,Auetal,"05043 88 66 11"
Fassbinder,Andreas,AndreasFassbinder@dayrep.com,"Hans-Grade-Allee 92",24881,Nübel,"04621 88 70 38"
Austerlitz,Lena,LenaAusterlitz@einrot.com,"Bleibtreustraße 7",77971,Kippenheim,"07825 56 02 42"
Barth,Benjamin,BenjaminBarth@fleckens.hu,"Fugger Strasse 96",14402,Potsdam,"0331 25 89 44"
Schwartz,Sara,SaraSchwartz@einrot.com,"Oldesloer Strasse 74",08129,Crossen,"036693 55 17"
Köhler,Philipp,PhilippKohler@einrot.com,"Rankestraße 76",84416,Inning,"08443 90 69 26"
Möller,Klaus,KlausMoller@fleckens.hu,"Fontenay 48",95350,Marktleugast,"09255 51 85 23"
Probst,Heike,HeikeProbst@cuvox.de,"Rhinstrasse 93",80798,München,"089 45 08 82"
Daecher,Klaus,KlausDaecher@fleckens.hu,"Jahnstrasse 47",83536,Gars,"08072 98 56 69"
Pfeiffer,Felix,FelixPfeiffer@superrito.com,"Mohrenstrasse 26",78585,Bubsheim,"07429 97 09 31"
Gersten,Ulrich,UlrichGersten@teleworm.us,"Stuttgarter Platz 81",59329,Wadersloh,"02520 12 10 12"
Freitag,Jörg,JorgFreitag@rhyta.com,"Fontenay 49",95197,Schauenstein,"09252 25 86 48"
Jaeger,Erik,ErikJaeger@superrito.com,"Stresemannstr. 53",66623,Nohfelden,"06852 40 84 06"
Ehrlichmann,Luca,LucaEhrlichmann@teleworm.us,"Unter den Linden 73",19059,Schwerin,"0385 86 70 96"
Urner,Tobias,TobiasUrner@gustr.com,"Gruenauer Strasse 63",21640,Bliedersdorf,"04163 99 86 25"
Hueber,Patrick,PatrickHueber@cuvox.de,"Eschenweg 99",07724,Jena,"03641 64 98 14"
Ziegler,Philipp,PhilippZiegler@dayrep.com,"Alsterkrugchaussee 55",86704,Tagmersheim,"09094 23 36 97"
Feierabend,Felix,FelixFeierabend@einrot.com,"Eschenweg 74",07306,Saalfeld,"03671 79 86 60"
Sanger,Jennifer,JenniferSanger@fleckens.hu,"Mollstrasse 51",64409,Messel,"06159 61 01 49"
Ehrlichmann,Sophia,SophiaEhrlichmann@cuvox.de,"Rudower Strasse 20",54597,Rommersheim,"06556 18 64 81"
Schreiner,Uwe,UweSchreiner@fleckens.hu,"Rohrdamm 91",27336,Häuslingen,"05165 96 56 97"
Holzman,Florian,FlorianHolzman@superrito.com,"Kurfuerstendamm 73",85742,Garching,"089 84 84 44"
Finkel,Tanja,TanjaFinkel@teleworm.us,"Potsdamer Platz 61",88131,Bodolz,"08382 32 39 43"
Koenig,Kristin,KristinKoenig@superrito.com,"Fischerinsel 97",42855,"Remscheid Innen","02191 47 07 96"
Schwarz,Antje,AntjeSchwarz@armyspy.com,"Bleibtreustraße 23",77756,Hausach,"07831 26 54 72"
Herzog,Ralf,RalfHerzog@cuvox.de,"Grolmanstraße 95",28209,"Bremen Bürgerweide/ Barkhof","0421 65 02 33"
Wirtz,Maria,MariaWirtz@armyspy.com,"Rathausstrasse 25",90004,Nürnberg,"0911 47 06 54"
Jaeger,Leonie,LeonieJaeger@einrot.com,"Genslerstraße 47",10783,"Berlin Schöneberg","030 81 95 24"
Foerster,Petra,PetraFoerster@teleworm.us,"Leipziger Straße 46",34295,Edermünde,"05603 97 40 97"
Wexler,Anna,AnnaWexler@rhyta.com,"Knesebeckstrasse 94",57632,Reiferscheid,"02685 19 60 57"
Wurfel,Stephanie,StephanieWurfel@fleckens.hu,"Borstelmannsweg 46",92650,Grafenwöhr,"09605 79 66 63"
Bürger,Julia,JuliaBurger@dayrep.com,"An der Schillingbrucke 7",73447,Oberkochen,"07364 93 39 26"
Aachen,Petra,PetraAachen@einrot.com,"Stuttgarter Platz 32",56377,Nassau,"02604 58 14 51"
Kastner,Manuela,ManuelaKastner@fleckens.hu,"Koepenicker Str. 3",92610,Weiden,"06785 19 78 11"
Keller,Ulrich,UlrichKeller@teleworm.us,"Ellmenreichstrasse 26",91338,Igensdorf,"09192 58 37 22"
Krause,Mario,MarioKrause@einrot.com,"Schillerstrasse 33",86882,Landsberg,"08191 94 46 12"
Fink,Franziska,FranziskaFink@superrito.com,"Frankfurter Allee 10",76185,"Karlsruhe Daxlanden","0721 67 35 93"
Schultz,Anja,AnjaSchultz@fleckens.hu,"Billwerder Neuer Deich 15",96239,Sonnefeld,"09266 84 99 18"
Gottlieb,Phillipp,PhillippGottlieb@superrito.com,"Guentzelstrasse 14",34599,Neuental,"06693 51 86 82"
Kalb,Laura,LauraKalb@rhyta.com,"An der Schillingbrucke 81",73345,Hohenstadt,"07335 26 07 68"
Eisenhower,Lukas,LukasEisenhower@armyspy.com,"Wallstrasse 32",53505,Kirchsahr,"02643 24 93 81"
Shuster,Lisa,LisaShuster@dayrep.com,"Park Str. 79",40593,"Düsseldorf Urdenbach","0211 24 72 11"
Kappel,Ralph,RalphKappel@jourrapide.com,"Gotzkowskystraße 49",47608,Geldern,"02831 12 29 68"
Sankt,Phillipp,PhillippSankt@rhyta.com,"Hochstrasse 42",24957,Glücksburg,"04631 52 31 57"
Kunze,Manuela,ManuelaKunze@teleworm.us,"Boxhagener Str. 42",22335,"Hamburg Groß Borstel","040 91 86 13"
Koertig,Lukas,LukasKoertig@jourrapide.com,"Knesebeckstraße 24",59071,Hamm,"02385 47 14 46"
Ziegler,Torsten,TorstenZiegler@rhyta.com,"Rudower Chaussee 95",23517,Lübeck,"01805 40 80 19"
Barth,Daniela,DanielaBarth@einrot.com,"Hollander Strasse 77",56414,"Berod bei Wallmerod","06435 29 82 13"
Schroeder,Johanna,JohannaSchroeder@einrot.com,"Lietzenburger Straße 2",48455,"Bad Bentheim","05924 87 46 06"
Baumgartner,Uwe,UweBaumgartner@gustr.com,"Rosenstrasse 47",81319,München,"089 17 60 06"
Eichelberger,Sven,SvenEichelberger@dayrep.com,"Spresstrasse 35",27580,"Bremerhaven Überseehafen","0471 99 57 11"
Burger,Jörg,JorgBurger@teleworm.us,"An der Schillingbrucke 62",88481,Balzheim,"07347 11 74 48"
Baer,Swen,SwenBaer@gustr.com,"Guentzelstrasse 79",36391,Sinntal,"06665 37 39 33"
Schmitt,Benjamin,BenjaminSchmitt@dayrep.com,"Stresemannstr. 13",66629,Freisen,"06855 16 43 02"
Amsel,Martin,MartinAmsel@einrot.com,"Brandenburgische Str 32",56291,Kisselbach,"06746 19 44 36"
Klug,Tanja,TanjaKlug@gustr.com,"Scharnweberstrasse 7",68723,Plankstadt,"06202 76 77 00"
Moeller,Kevin,KevinMoeller@rhyta.com,"Anhalter Strasse 39",66894,Martinshöhe,"06372 10 95 62"
Kuster,Lukas,LukasKuster@dayrep.com,"Augsburger Straße 3",58455,"Witten Mitte","02302 34 25 68"
Kaestner,Lukas,LukasKaestner@einrot.com,"Grolmanstraße 69",28219,"Bremen Osterfeuerberg","0421 80 38 53"
Fried,Daniela,DanielaFried@fleckens.hu,"Rudolstaedter Strasse 98",63702,Aschaffenburg,"06021 71 57 21"
Wirth,Jörg,JorgWirth@jourrapide.com,"Koepenicker Str. 24",56357,Niederwallmenach,"06772 88 76 58"
Baum,Stephan,StephanBaum@armyspy.com,"Waldowstr. 97",74629,Pfedelbach,"07941 62 08 53"
Mehler,Tanja,TanjaMehler@fleckens.hu,"Leopoldstraße 94",44892,Bochum,"023 79 84 30"
Kalb,Max,MaxKalb@cuvox.de,"Budapester Straße 68",35099,Burgwald,"06457 92 21 98"
Burger,Kevin,KevinBurger@dayrep.com,"Chausseestr. 30",22927,Großhansdorf,"04102 56 62 01"
Pfeffer,Felix,FelixPfeffer@jourrapide.com,"Eschenweg 31",96508,Sonneberg,"03675 68 63 50"
Moench,Ute,UteMoench@superrito.com,"Guentzelstrasse 39",36272,Niederaula,"06625 88 44 89"
Ostermann,Jan,JanOstermann@fleckens.hu,"Nuernbergerstrasse 38",23694,Eutin,"04521 27 24 58"
Becker,Vanessa,VanessaBecker@fleckens.hu,"Genterstrasse 37",24152,Kiel,"0431 80 76 17"
Neumann,Annett,AnnettNeumann@armyspy.com,"Knesebeckstrasse 38",57612,Helmeroth,"02682 85 25 54"
Luft,Maik,MaikLuft@einrot.com,"Heiligengeistbrücke 35",91557,Heilsbronn,"09872 21 19 57"
Bar,Gabriele,GabrieleBar@fleckens.hu,"Eschenweg 72",07714,Jena,"03641 31 57 17"
Schuster,Sven,SvenSchuster@superrito.com,"Michaelkirchstr. 58",32425,"Minden Päpinghausen","05704 82 22 15"
Fischer,Anja,AnjaFischer@teleworm.us,"Billwerder Neuer Deich 37",97236,Randersacker,"09303 45 26 07"
Goldschmidt,Silke,SilkeGoldschmidt@jourrapide.com,"Grosse Praesidenten Str. 69",74869,Schwarzach,"06262 87 31 40"
Fruehauf,Daniela,DanielaFruehauf@superrito.com,"Prenzlauer Allee 92",04275,Leipzig,"0341 62 03 12"
Kaufmann,Jürgen,JurgenKaufmann@einrot.com,"Am Borsigturm 93",41460,"Neuss Innenstadt","02137 86 49 01"
Baer,Erik,ErikBaer@dayrep.com,"Marseiller Strasse 97",82387,Antdorf,"08801 75 56 50"
Weissmuller,Uwe,UweWeissmuller@jourrapide.com,"An Der Urania 55",25853,Ahrenshöft,"04846 11 90 68"
Waechter,Ute,UteWaechter@gustr.com,"Jahnstrasse 52",92436,Bruck,"08091 11 75 63"
Cole,Lea,LeaCole@einrot.com,"Koepenicker Str. 53",56357,Lipporn,"06772 67 64 37"
Schneider,Daniel,DanielSchneider@jourrapide.com,"An der Schillingbrucke 63",89180,Berghülen,"07344 88 23 88"
Hirsch,Andreas,AndreasHirsch@einrot.com,"Holstenwall 63",06773,Bergwitz,"034921 27 41"
Krueger,Tom,TomKrueger@dayrep.com,"Paderborner Strasse 96",86421,Dinkelscherben,"08236 92 45 01"
Glockner,Maik,MaikGlockner@fleckens.hu,"Gruenauer Strasse 29",21470,Lauenburg,"04153 98 09 65"
Nagel,Kevin,KevinNagel@fleckens.hu,"Budapester Strasse 43",24619,Bornhöved,"04323 49 12 68"
Gottlieb,Niklas,NiklasGottlieb@dayrep.com,"Grosse Praesidenten Str. 61",67697,Otterberg,"06301 87 52 60"
Kirsch,Anja,AnjaKirsch@gustr.com,"Chausseestr. 82",25409,Pinneberg,"04101 66 67 44"
Schreiber,Birgit,BirgitSchreiber@dayrep.com,"Charlottenstrasse 5",01292,Dresden,"0351 20 21 55"
Baumgaertner,Sabine,SabineBaumgaertner@gustr.com,"Waldowstr. 4",77731,Willstätt,"07852 93 56 39"
Lehmann,Torsten,TorstenLehmann@gustr.com,"Los-Angeles-Platz 63",22395,"Hamburg Wohldorf-Ohlstedt","040 12 84 81"
Pfaff,Patrick,PatrickPfaff@dayrep.com,"Frankfurter Allee 10",89211,Neu-Ulm,"0731 25 04 55"
Köhler,Ute,UteKohler@dayrep.com,"Boxhagener Str. 78",20257,"Hamburg Eimsbüttel","040 72 48 10"
Schmidt,Bernd,BerndSchmidt@teleworm.us,"Büsingstrasse 70",85562,Grafing,"08092 50 17 14"
Wurfel,Tim,TimWurfel@dayrep.com,"Guentzelstrasse 55",55595,Argenschwang,"06706 51 22 68"
Kohl,Anna,AnnaKohl@einrot.com,"Rudower Chaussee 36",45966,Gladbeck,"02043 77 86 26"
Hoffmann,Erik,ErikHoffmann@superrito.com,"Schönwalder Allee 43",24241,Blumenthal,"04347 38 43 07"
Freytag,Ute,UteFreytag@rhyta.com,"Güntzelstrasse 26",54646,Stockem,"06527 50 30 72"
Pfeiffer,Julia,JuliaPfeiffer@dayrep.com,"Rudolstaedter Strasse 9",63826,Geiselbach,"06024 47 11 38"
Pfeiffer,Leon,LeonPfeiffer@superrito.com,"Schmarjestrasse 44",94350,Falkenfels,"09961 12 02 05"
Mueller,Jessika,JessikaMueller@einrot.com,"Alsterkrugchaussee 1",91101,Schwabach,"09122 27 11 42"
Faust,Max,MaxFaust@rhyta.com,"Neue Roßstr. 21",54295,"Trier Trier-Ost","0651 74 31 35"
Duerr,Jürgen,JurgenDuerr@cuvox.de,"Meininger Strasse 24",66540,"Neunkirchen Innenstadt","06821 80 45 42"
Köhler,Kristin,KristinKohler@jourrapide.com,"Mellingburgredder 76",91063,Herzogenaurach,"09132 95 96 06"
Weiß,Sabine,SabineWeiss@einrot.com,"Schillerstrasse 96",82062,Straßlach-Dingharting,"08170 54 29 32"
Eisenberg,Melanie,MelanieEisenberg@jourrapide.com,"Koenigstrasse 66",37346,Dingelstädt,"036075 76 95"
Koenig,Frank,FrankKoenig@teleworm.us,"Ruschestrasse 95",39555,Stendal,"03931 88 97 57"
Bieber,Felix,FelixBieber@jourrapide.com,"Kantstrasse 44",90411,Nürnberg,"0911 64 32 10"
Gottschalk,Marco,MarcoGottschalk@superrito.com,"Holstenwall 87",06809,Petersroda,"034954 47 15"
Abendroth,Vanessa,VanessaAbendroth@teleworm.us,"Potsdamer Platz 85",88113,Lindau,"08382 44 04 80"
Nacht,Doreen,DoreenNacht@armyspy.com,"Lietzensee-Ufer 21",02967,Hoyerswerda,"03571 84 88 64"
Vogler,Peter,PeterVogler@dayrep.com,"Flughafenstrasse 68",95652,Waldsassen,"09632 13 03 63"
Fuchs,Marie,MarieFuchs@dayrep.com,"Gotthardstrasse 21",99087,Erfurt,"0361 78 88 12"
Faber,Marcel,MarcelFaber@jourrapide.com,"Brandenburgische Str. 23",74248,Ellhofen,"07134 95 40 12"
Eichelberger,Sarah,SarahEichelberger@gustr.com,"Hochstrasse 19",92449,Steinberg,"04632 89 17 32"
Kirsch,Melanie,MelanieKirsch@dayrep.com,"Esplanade 11",94303,Straubing,"09421 36 26 15"
Durr,Petra,PetraDurr@einrot.com,"Schoenebergerstrasse 68",93340,Saal,"03822 50 81 75"
Richter,Paul,PaulRichter@armyspy.com,"Mohrenstrasse 57",72532,Gomadingen,"07385 37 77 39"
Klug,Christine,ChristineKlug@gustr.com,"Buelowstrasse 79",56745,Hausten,"02655 47 80 08"
Brandt,Christin,ChristinBrandt@rhyta.com,"Messedamm 34",01005,Dresden,"0351 98 05 15"
Weiß,Maximilian,MaximilianWeiss@teleworm.us,"Stuttgarter Platz 83",38524,Sassenburg,"02581 69 90 65"
Frey,Mario,MarioFrey@armyspy.com,"Hoheluftchaussee 24",06688,Großkorbetha,"034446 87 79"
Schuhmacher,Janina,JaninaSchuhmacher@gustr.com,"Augsburger Straße 16",58513,"Lüdenscheid Dickenberg","02351 56 60 38"
Winkel,Leon,LeonWinkel@jourrapide.com,"Messedamm 43",06112,Halle,"0345 52 77 88"
Zimmermann,Tanja,TanjaZimmermann@dayrep.com,"Spresstrasse 49",33604,"Bielefeld Innenstadt","0521 68 74 21"
Bach,Sophia,SophiaBach@armyspy.com,"Knesebeckstrasse 40",56593,Bürdenbach,"02687 80 55 55"
Weber,Anke,AnkeWeber@teleworm.us,"Ufnau Strasse 38",87773,Pleß,"08335 30 88 13"
Roth,Ines,InesRoth@armyspy.com,"Ollenhauer Str. 66",76135,"Karlsruhe Beiertheim-Bulach","0721 88 02 77"
Hertz,Peter,PeterHertz@cuvox.de,"Budapester Straße 8",54317,Herl,"06500 33 45 33"
Fischer,Katharina,KatharinaFischer@rhyta.com,"Frankfurter Allee 12",76187,"Karlsruhe Knielingen","0721 50 68 43"
Lang,Matthias,MatthiasLang@gustr.com,"Neuer Jungfernstieg 92",84094,Elsendorf,"08753 36 53 38"
Holtzmann,Maximilian,MaximilianHoltzmann@einrot.com,"Friedrichstrasse 22",46147,"Oberhausen Holten","0208 50 20 69"
Glockner,Antje,AntjeGlockner@armyspy.com,"Mellingburgredder 55",91021,Erlangen,"09131 25 11 21"
Friedman,Lena,LenaFriedman@armyspy.com,"Brandenburgische Straße 74",13053,"Berlin Hohenschönhausen","030 92 45 28"
Abend,Stephan,StephanAbend@cuvox.de,"Grolmanstraße 78",28759,"Bremen Lessum","0421 13 92 16"
Richter,Klaus,KlausRichter@gustr.com,"Genterstrasse 83",24032,Kiel,"0431 34 86 87"
Glockner,René,ReneGlockner@gustr.com,"Schmarjestrasse 22",16775,Altglobsow,"033084 38 74"
Winkel,Mandy,MandyWinkel@superrito.com,"Brandenburgische Straße 27",12487,"Berlin Johannistal","030 30 21 37"
Dietrich,Jörg,JorgDietrich@armyspy.com,"Gotzkowskystraße 69",57578,Elkenroth,"02747 29 59 41"
Baier,Markus,MarkusBaier@armyspy.com,"Rudolstaedter Strasse 17",63768,Hösbach,"06021 92 16 43"
Kaufmann,Katharina,KatharinaKaufmann@jourrapide.com,"Los-Angeles-Platz 65",25499,Tangstedt,"040 56 05 02"
Huber,Steffen,SteffenHuber@teleworm.us,"Invalidenstrasse 80",67454,Haßloch,"06324 64 79 74"
Schwarz,Manuela,ManuelaSchwarz@rhyta.com,"Mollstrasse 17",64289,Darmstadt,"06151 27 59 48"
Nagel,Matthias,MatthiasNagel@armyspy.com,"Kastanienallee 65",26831,Bunde,"04903 58 08 17"
Baumgartner,Simone,SimoneBaumgartner@dayrep.com,"Straße der Pariser Kommune 88",50968,"Köln Rodenkirchen","0221 70 87 28"
Waechter,Ute,UteWaechter@armyspy.com,"Knesebeckstraße 10",52353,Düren,"02421 81 19 95"
Schwab,Christine,ChristineSchwab@fleckens.hu,"Schönwalder Allee 70",24251,Osdorf,"04346 77 22 55"
Vogt,Lisa,LisaVogt@rhyta.com,"Hedemannstasse 42",79650,Schopfheim,"07622 61 24 98"
Fiedler,Annett,AnnettFiedler@rhyta.com,"Schoenebergerstrasse 60",08523,Plauen,"03741 83 31 59"
Klein,Antje,AntjeKlein@jourrapide.com,"Budapester Straße 51",56370,Rettert,"06486 38 40 91"
Lemann,Mathias,MathiasLemann@teleworm.us,"Inge Beisheim Platz 98",25365,"Klein Offenseth-Sparries","04121 78 64 31"
Scholz,Uta,UtaScholz@einrot.com,"Pappelallee 53",17440,Bauer,"036945 44 95"
Koenig,Gabriele,GabrieleKoenig@gustr.com,"Flotowstr. 85",18582,Göhren,"03447 90 50 47"
Kalb,Sophie,SophieKalb@einrot.com,"Langenhorner Chaussee 63",83309,Siegsdorf,"08662 24 37 50"
Scherer,Franziska,FranziskaScherer@rhyta.com,"Rudower Strasse 12",54634,Bitburg,"06561 34 15 50"
Weisz,Ursula,UrsulaWeisz@gustr.com,"Kurfuerstendamm 65",81249,Freiham,"089 20 96 60"
Oster,Christine,ChristineOster@jourrapide.com,"Genterstrasse 17",23603,"Bad Schwartau","0451 67 80 73"
Thalberg,Gabriele,GabrieleThalberg@gustr.com,"Billwerder Neuer Deich 50",97270,Kist,"09306 58 74 88"
Abt,Felix,FelixAbt@jourrapide.com,"Koepenicker Str. 58",56348,Dörscheid,"06774 24 24 35"
Thalberg,Christine,ChristineThalberg@dayrep.com,"Schmarjestrasse 1",93446,Waldmünchen,"09978 36 36 82"
Ebersbach,Frank,FrankEbersbach@cuvox.de,"Landhausstraße 27",16535,"Hohen Neuendorf","03303 20 17 20"
Klein,Bernd,BerndKlein@cuvox.de,"Bleibtreustrasse 76",33175,"Bad Lippspringe","05252 68 34 54"
Krueger,Karin,KarinKrueger@einrot.com,"Gotthardstrasse 43",07515,Gera,"0365 55 28 97"
Probst,Daniel,DanielProbst@armyspy.com,"Hans-Grade-Allee 67",22937,Bargteheide,"04532 41 08 85"
Jager,Marco,MarcoJager@teleworm.us,"Knesebeckstrasse 78",57632,Schürdt,"02685 94 86 82"
Gottlieb,Sophia,SophiaGottlieb@cuvox.de,"Rohrdamm 12",31789,Hameln,"05151 14 32 15"
Baumgartner,Nadine,NadineBaumgartner@cuvox.de,"Güntzelstrasse 36",54646,Olsdorf,"06527 90 26 62"
Wurfel,Ines,InesWurfel@armyspy.com,"Motzstr. 41",76879,Bornheim,"06734 50 79 36"
Reiniger,Lena,LenaReiniger@dayrep.com,"Bleibtreustraße 27",82355,Weilheim,"07741 51 89 33"
Ebersbach,Ulrike,UlrikeEbersbach@superrito.com,"Esplanade 63",63931,Kirchzell,"09373 56 88 35"
Gruenewald,Julia,JuliaGruenewald@dayrep.com,"Luebeckertordamm 30",91238,Engelthal,"09158 38 16 12"
Lemann,Tom,TomLemann@gustr.com,"Schmarjestrasse 59",14979,Birkenhain,"033701 44 29"
Schuster,David,DavidSchuster@einrot.com,"Gruenauer Strasse 10",01804,Heidenau,"04180 16 80 97"
Nussbaum,Phillipp,PhillippNussbaum@dayrep.com,"Kieler Strasse 25",83308,Trostberg,"08621 48 71 09"
Wagner,Frank,FrankWagner@superrito.com,"Nuernbergerstrasse 43",23691,Eutin,"04521 86 27 03"
Schröder,Anna,AnnaSchroder@fleckens.hu,"Hermannstrasse 99",67577,Alsheim,"06249 99 52 99"
Beyer,Susanne,SusanneBeyer@superrito.com,"Heiligengeistbrücke 29",91610,Insingen,"09861 70 30 03"
Beckenbauer,Michael,MichaelBeckenbauer@jourrapide.com,"Reeperbahn 12",18445,Altenpleen,"038323 49 43"
Wulf,René,ReneWulf@superrito.com,"Konstanzer Strasse 68",63303,Dreieich,"06074 48 91 23"
Schreiber,Thorsten,ThorstenSchreiber@gustr.com,"Budapester Straße 31",56368,Katzenelnbogen,"06486 21 23 25"
Muller,Christine,ChristineMuller@teleworm.us,"Bayreuther Strasse 36",89079,"Ulm Gögglingen","073 40 70 81"
Vogt,David,DavidVogt@rhyta.com,"Sonnenallee 50",86135,Augsburg,"0821 59 61 79"
Kohler,Sebastian,SebastianKohler@gustr.com,"Gotzkowskystraße 2",47475,Kamp-Lintfort,"02842 69 11 28"
Mahler,Leah,LeahMahler@einrot.com,"Alsterkrugchaussee 45",91184,Büchenbach,"09122 99 96 33"
Werfel,Mike,MikeWerfel@superrito.com,"Heinrich Heine Platz 5",02739,Eibau,"03586 14 13 48"
Dietrich,Marina,MarinaDietrich@gustr.com,"Unter den Linden 32",17004,Neubrandenburg,"0395 89 81 21"
Urner,Marcel,MarcelUrner@teleworm.us,"Charlottenstrasse 45",01288,Dresden,"0351 13 88 39"
Grunewald,Robert,RobertGrunewald@fleckens.hu,"Bissingzeile 20",25794,Dörpling,"04803 68 10 95"
Brauer,Simone,SimoneBrauer@cuvox.de,"Rohrdamm 89",31195,Neuhof,"05183 77 27 44"
Egger,Ute,UteEgger@einrot.com,"Knesebeckstraße 57",52146,Würselen,"02405 13 81 65"
Weber,Max,MaxWeber@jourrapide.com,"Lietzensee-Ufer 62",15902,Lübben,"03546 46 63 84"
Fink,Sabine,SabineFink@cuvox.de,"Jenaer Strasse 26",45139,Essen,"0201 84 20 55"
Schwab,Heike,HeikeSchwab@rhyta.com,"Esplanade 60",63912,Amorbach,"09373 88 63 85"
Aachen,Max,MaxAachen@einrot.com,"Meininger Strasse 72",55758,Sien,"06788 34 00 08"
Vogel,Lea,LeaVogel@fleckens.hu,"Bissingzeile 75",27632,Misselwarden,"04742 37 79 70"
Fenstermacher,Marie,MarieFenstermacher@superrito.com,"Mellingburgredder 77",91090,Effeltrich,"09133 95 21 21"
Furst,Paul,PaulFurst@gustr.com,"Landhausstraße 37",16202,Eberswalde,"03334 20 33 72"
Saenger,Anke,AnkeSaenger@superrito.com,"Budapester Strasse 21",24503,Neumünster,"04321 48 19 20"
Schultheiss,Patrick,PatrickSchultheiss@superrito.com,"Schmarjestrasse 81",14624,Dallgow,"033201 47 10"
Vogt,Steffen,SteffenVogt@cuvox.de,"Eichendorffstr. 18",88285,Bodnegg,"07520 91 51 72"
Neumann,Mathias,MathiasNeumann@cuvox.de,"Kurfürstendamm 86",18132,Rostock,"0381 73 18 31"
Holtzmann,Kerstin,KerstinHoltzmann@gustr.com,"Charlottenstrasse 32",01245,Dresden,"0351 15 07 46"
Freitag,David,DavidFreitag@fleckens.hu,"Büsingstrasse 10",82054,Sauerlach,"08104 69 40 23"
Reiniger,Leon,LeonReiniger@teleworm.us,"Meininger Strasse 40",66517,Neunkirchen,"06821 83 05 47"
Schroder,Martin,MartinSchroder@gustr.com,"Alter Wall 58",97219,Rimpar,"09365 72 85 50"
Muller,Heike,HeikeMuller@superrito.com,"Leipziger Strasse 30",54295,"Trier Kürenz","0651 89 78 61"
Pfeffer,Silke,SilkePfeffer@gustr.com,"Friedrichstrasse 78",40237,"Düsseldorf Flingern Nord","0211 31 30 58"
Koehler,Phillipp,PhillippKoehler@gustr.com,"Bleibtreustraße 74",78667,Villingendorf,"07729 27 41 61"
Diederich,Karolin,KarolinDiederich@rhyta.com,"Storkower Strasse 6",56237,Deesen,"02626 22 43 01"
Drescher,Mike,MikeDrescher@gustr.com,"Prenzlauer Allee 5",06005,Halle,"0345 53 84 36"
Schmidt,Ulrike,UlrikeSchmidt@fleckens.hu,"Hallesches Ufer 77",66681,Wadern,"06871 87 01 20"
Wexler,Juliane,JulianeWexler@gustr.com,"Knesebeckstraße 33",52538,Gangelt,"02454 26 55 92"
Bergmann,Franziska,FranziskaBergmann@teleworm.us,"Billwerder Neuer Deich 78",97226,Rottendorf,"09302 82 03 03"
Eiffel,Tim,TimEiffel@dayrep.com,"An der Alster 60",23941,Dassow,"038826 79 30"
Saenger,Nicole,NicoleSaenger@superrito.com,"Leipziger Straße 59",37445,Walkenried,"05525 87 95 22"
Friedman,Nicole,NicoleFriedman@cuvox.de,"Eschenweg 54",98565,Schmalkalden,"03683 99 58 63"
Lowe,Mathias,MathiasLowe@armyspy.com,"Mollstrasse 93",55120,"Mainz Mombach","06131 31 63 25"
Maier,Markus,MarkusMaier@superrito.com,"Leipziger Strasse 81",54293,"Trier Ehrang-Quint","0651 87 60 79"
Shuster,Nadine,NadineShuster@dayrep.com,"Gubener Str. 66",83106,Großkarolinenfeld,"08031 30 01 40"
Wulf,Marko,MarkoWulf@superrito.com,"Messedamm 73",01142,Dresden,"0351 46 31 65"
Diederich,Phillipp,PhillippDiederich@rhyta.com,"Augsburger Straße 22",58513,"Lüdenscheid Dickenberg","02351 40 20 53"
Scholz,Christian,ChristianScholz@superrito.com,"Schillerstrasse 52",86850,Fischach,"08204 26 02 00"
Frei,Birgit,BirgitFrei@armyspy.com,"An Der Urania 89",37124,Rosdorf,"04822 25 52 95"
Muench,Heike,HeikeMuench@rhyta.com,"Inge Beisheim Platz 73",25350,Barmstedt,"04123 87 80 03"
Fischer,Markus,MarkusFischer@armyspy.com,"Prenzlauer Allee 48",04409,Markkleeberg,"0341 95 82 21"
Junker,Barbara,BarbaraJunker@armyspy.com,"Bleibtreustraße 58",78250,Tengen,"07733 58 51 44"
Frankfurter,Sabrina,SabrinaFrankfurter@superrito.com,"Genterstrasse 58",24244,Felm,"0431 38 63 25"
Foerster,Stefan,StefanFoerster@armyspy.com,"Alter Wall 45",97778,Fellen,"09356 35 07 70"
Egger,Sabine,SabineEgger@armyspy.com,"Pappelallee 13",08641,"Bad Elster","037437 28 39"
Schmid,Ralph,RalphSchmid@rhyta.com,"Leopoldstraße 95",12351,"Berlin Buckow","030 29 33 30"
Muench,Peter,PeterMuench@teleworm.us,"Alt Reinickendorf 79",87551,Oberstdorf,"08322 39 87 47"
Eberhart,Katharina,KatharinaEberhart@rhyta.com,"Schmarjestrasse 45",14962,Ludwigsfelde,"033731 18 98"
Baumgartner,Michael,MichaelBaumgartner@einrot.com,"Alt Reinickendorf 9",86502,Laugna,"08272 66 40 86"
Barth,Leonie,LeonieBarth@cuvox.de,"Am Borsigturm 88",40885,"Ratingen Lintorf","02102 97 14 25"
Brauer,Michael,MichaelBrauer@rhyta.com,"Potsdamer Platz 57",87487,Wiggensbach,"08370 32 37 18"
Bayer,Eric,EricBayer@einrot.com,"Schillerstrasse 65",86896,Landsberg,"08191 84 07 51"
Keller,Kristin,KristinKeller@dayrep.com,"Hardenbergstraße 3",66869,Ruthweiler,"06381 27 67 03"
Faerber,Mandy,MandyFaerber@cuvox.de,"Schoenebergerstrasse 64",08358,Grünhain,"03774 55 09 25"
Möller,Steffen,SteffenMoller@dayrep.com,"Albrechtstrasse 54",87403,Kempten,"0831 62 77 69"
Nussbaum,Peter,PeterNussbaum@fleckens.hu,"Hallesches Ufer 39",66684,Wadern,"06871 30 32 92"
Kastner,Swen,SwenKastner@teleworm.us,"Neue Roßstr. 78",36041,Fulda,"0661 83 83 22"
Baumgartner,Juliane,JulianeBaumgartner@einrot.com,"Fischerinsel 60",41066,"Mönchengladbach Neuwerk","02161 34 53 24"
Pfaff,Diana,DianaPfaff@fleckens.hu,"Gotthardstrasse 91",09039,Chemnitz,"0371 63 43 61"
Schmitz,Wolfgang,WolfgangSchmitz@rhyta.com,"Bayreuther Strasse 2",67661,"Kaiserslautern Innenstadt","063 23 09 10"
Gaertner,Christin,ChristinGaertner@einrot.com,"Ollenhauer Str. 46",70597,"Stuttgart Hoffeld","0711 97 94 04"
Schäfer,Mathias,MathiasSchafer@superrito.com,"Billwerder Neuer Deich 15",96365,Nordhalben,"09267 24 41 42"
Krüger,Marco,MarcoKruger@fleckens.hu,"Prager Str 87",85319,Freising,"08161 34 48 84"
Scherer,Mandy,MandyScherer@jourrapide.com,"Lützowplatz 55",54316,Franzenheim,"06588 96 87 74"
Klein,Tanja,TanjaKlein@rhyta.com,"Lietzensee-Ufer 77",02936,Weißwasser,"03576 66 06 15"
Maurer,Ulrike,UlrikeMaurer@jourrapide.com,"Gubener Str. 77",83604,Holzkirchen,"08024 74 82 84"
Bar,Martina,MartinaBar@fleckens.hu,"Ellmenreichstrasse 33",01561,Adelsdorf,"09195 96 73 60"
Schweitzer,Florian,FlorianSchweitzer@jourrapide.com,"Inge Beisheim Platz 76",21403,"Wendisch Evern","04131 82 09 38"
Gloeckner,Thomas,ThomasGloeckner@teleworm.us,"Kurfürstendamm 74",18057,Rostock,"0381 73 13 56"
Saenger,Ulrich,UlrichSaenger@dayrep.com,"Fugger Strasse 64",06824,Dessau,"0340 20 29 63"
Freud,Petra,PetraFreud@jourrapide.com,"Ruschestrasse 49",17168,Belitz,"03844 82 79 60"
Lowe,Juliane,JulianeLowe@cuvox.de,"Brandenburgische Str. 44",75337,Enzklösterle,"07085 99 04 55"
Fuerst,Angelika,AngelikaFuerst@teleworm.us,"Gotthardstrasse 48",99089,Erfurt,"0361 90 45 71"
Schulze,Marko,MarkoSchulze@fleckens.hu,"Invalidenstrasse 97",76835,"Weyher in der Pfalz","06323 29 65 97"
Theiss,Frank,FrankTheiss@cuvox.de,"Kantstraße 79",91270,Auerbach,"03721 44 20 95"
Pfeffer,Lucas,LucasPfeffer@cuvox.de,"Konstanzer Strasse 8",63856,Bessenbach,"06093 81 52 47"
Bar,Heike,HeikeBar@gustr.com,"Waßmannsdorfer Chaussee 99",22883,Barsbüttel,"040 62 09 04"
Moeller,Martin,MartinMoeller@teleworm.us,"Frankfurter Allee 75",76131,"Karlsruhe Rintheim","0721 11 75 70"
Junker,Kerstin,KerstinJunker@teleworm.us,"Bleibtreustraße 50",78269,Volkertshausen,"07774 50 96 43"
Keller,Klaus,KlausKeller@cuvox.de,"Ruschestrasse 24",39218,Schönebeck,"03928 11 54 57"
Kirsch,Janina,JaninaKirsch@superrito.com,"Knesebeckstraße 20",89250,Senden,"02509 18 07 53"
Reinhardt,Nadine,NadineReinhardt@teleworm.us,"Rhinstrasse 18",81218,München,"089 45 74 65"
Fassbinder,Monika,MonikaFassbinder@cuvox.de,"Augsburger Strasse 7",53534,Hoffeld,"02693 51 68 06"
Strauss,Dennis,DennisStrauss@fleckens.hu,"Brandenburgische Str. 54",74232,Abstatt,"07062 49 93 76"
Ebersbach,Robert,RobertEbersbach@armyspy.com,"Eschenweg 90",07717,Jena,"03641 37 28 79"
Thalberg,Brigitte,BrigitteThalberg@fleckens.hu,"Kantstrasse 53",90571,Schwaig,"0911 91 00 59"
Ehrlichmann,Thorsten,ThorstenEhrlichmann@teleworm.us,"Hermannstrasse 62",69123,"Heidelberg Wieblingen","06221 56 71 18"
Muench,Mario,MarioMuench@cuvox.de,"Grosse Praesidenten Str. 1",74831,Gundelsheim,"06265 72 93 83"
Hertz,Kathrin,KathrinHertz@gustr.com,"Hochstrasse 1",27624,Elmlohe,"04704 62 79 67"
Beich,Heike,HeikeBeich@rhyta.com,"Rathausstrasse 79",90709,Fürth,"0911 29 13 03"
Holtzmann,Laura,LauraHoltzmann@cuvox.de,"Fischerinsel 78",41747,"Viersen Bockert","02162 11 38 46"
Wolf,Jens,JensWolf@armyspy.com,"Hallesches Ufer 62",66653,Merzig,"06861 25 99 49"
Achen,Diana,DianaAchen@fleckens.hu,"Budapester Strasse 96",24617,Bornhöved,"04323 62 42 96"
Baier,Julia,JuliaBaier@superrito.com,"Hochstrasse 73",25929,Wyk,"04681 42 30 37"
Schulze,Ursula,UrsulaSchulze@gustr.com,"Prenzlauer Allee 60",04259,Leipzig,"0341 69 46 71"
Hertz,Nadine,NadineHertz@gustr.com,"Karl-Liebknecht-Strasse 82",24568,Kaltenkirchen,"04191 14 14 32"
Weber,Sabine,SabineWeber@cuvox.de,"Gotzkowskystraße 91",47443,Moers,"02841 47 98 87"
Adler,Lea,LeaAdler@fleckens.hu,"Hardenbergstraße 31",66871,"Haschbach am Remigiusberg","06381 94 92 43"
Trommler,Katja,KatjaTrommler@einrot.com,"Flughafenstrasse 36",92254,Hahnbach,"09621 37 71 40"
Neudorf,Ulrich,UlrichNeudorf@dayrep.com,"Paul-Nevermann-Platz 1",97634,Mellrichstadt,"09776 94 25 68"
Fried,Anke,AnkeFried@rhyta.com,"Stuttgarter Platz 16",56132,Nievern,"02603 69 23 21"
Wolf,Max,MaxWolf@cuvox.de,"Schönhauser Allee 44",78086,Brigachtal,"07721 70 08 85"
Holzman,Kevin,KevinHolzman@gustr.com,"Anhalter Strasse 54",91572,Bechhofen,"06372 35 89 95"
Duerr,Juliane,JulianeDuerr@dayrep.com,"Budapester Straße 64",35781,Weilburg,"06442 56 01 64"
Holtzmann,Jürgen,JurgenHoltzmann@dayrep.com,"Bleibtreustraße 14",78267,Aach,"07774 36 93 25"
König,Jennifer,JenniferKonig@rhyta.com,"Rhinstrasse 86",81241,München,"089 92 65 66"
Diederich,Monika,MonikaDiederich@superrito.com,"Leipziger Straße 22",34379,Calden,"05609 60 34 90"
Brauer,Sophie,SophieBrauer@rhyta.com,"Albrechtstrasse 26",85009,Ingolstadt,"0841 52 78 07"
Kohler,Marcel,MarcelKohler@teleworm.us,"Hoheluftchaussee 3",04519,Rackwitz,"034294 29 30"
Schuhmacher,Lena,LenaSchuhmacher@rhyta.com,"Meininger Strasse 90",55758,Sensweiler,"06786 49 69 98"
Beich,Maria,MariaBeich@rhyta.com,"Neuer Jungfernstieg 53",84552,Geratskirchen,"08724 63 92 19"
Neudorf,Maximilian,MaximilianNeudorf@teleworm.us,"Pohlstrasse 44",38312,Flöthe,"05339 34 33 07"
Kluge,Janina,JaninaKluge@rhyta.com,"Mohrenstrasse 74",88422,Betzenweiler,"07371 81 24 36"
Grunwald,Ute,UteGrunwald@fleckens.hu,"Rudower Chaussee 90",91502,Ansbach,"0981 88 10 02"
Gärtner,Karin,KarinGartner@superrito.com,"Gotzkowskystrasse 91",66851,Linden,"02666 68 52 39"
Fuerst,Susanne,SusanneFuerst@superrito.com,"Lietzenburger Straße 38",29591,Römstedt,"05821 48 51 67"
König,Lea,LeaKonig@dayrep.com,"Gotzkowskystraße 62",66746,Dillingen,"02771 67 16 75"
Ebersbacher,Frank,FrankEbersbacher@gustr.com,"Am Borsigturm 39",41468,"Neuss Grimlinghausen","02137 30 52 38"
Muench,Jennifer,JenniferMuench@gustr.com,"Boxhagener Str. 86",22087,"Hamburg Eilbek","040 39 63 83"
Kluge,Andrea,AndreaKluge@armyspy.com,"Schaarsteinweg 87",93358,Train,"09444 40 13 08"
Fenstermacher,Annett,AnnettFenstermacher@fleckens.hu,"Hardenbergstraße 59",76848,Schwanheim,"06392 32 25 80"
Ebersbach,Ralf,RalfEbersbach@superrito.com,"Stresemannstr. 28",66781,Wadgassen,"06834 74 76 11"
Metzger,Ralf,RalfMetzger@armyspy.com,"Meininger Strasse 48",66540,"Neunkirchen Münchwies","06821 59 70 32"