Faerber,Dominik,DominikFaerber@teleworm.us,"Jenaer Strasse 30",42113,"Wuppertal Elberfeld","0202 52 62 95"
Sommer,Ulrich,UlrichSommer@armyspy.com,"Mellingburgredder 68",91799,Langenaltheim,"09142 26 82 61"
Gruenewald,Ulrike,UlrikeGruenewald@armyspy.com,"Alt Reinickendorf 28",87527,Ofterschwang,"08321 35 17 18"
Jung,Mike,MikeJung@armyspy.com,"Eichendorffstr. 44",72149,Neustetten,"07457 77 61 12"
Fuerst,Steffen,SteffenFuerst@dayrep.com,"Prager Str 79",85244,Röhrmoos,"08139 57 19 77"
Decker,Mandy,MandyDecker@armyspy.com,"Leipziger Strasse 52",67065,"Ludwigshafen am Rhein Rheingönheim","0621 50 67 42"
Gruenewald,Jan,JanGruenewald@fleckens.hu,"Hans-Grade-Allee 86",25850,Behrendorf,"04544 95 16 85"
Vogt,Mike,MikeVogt@teleworm.us,"Hollander Strasse 61",56379,Geilnau,"06439 21 28 51"
Moench,Marcel,MarcelMoench@teleworm.us,"Michaelkirchstr. 45",37290,Meißner,"05657 90 82 11"
Holzman,Diana,DianaHolzman@cuvox.de,"Eschenweg 73",98716,Elgersburg,"03677 37 95 08"
Gärtner,Christian,ChristianGartner@dayrep.com,"Brandenburgische Straße 94",12109,"Berlin Mariendorf","030 82 39 01"
Junker,Jennifer,JenniferJunker@einrot.com,"Inge Beisheim Platz 49",25310,Elmshorn,"04121 19 50 72"
Schuhmacher,Maik,MaikSchuhmacher@dayrep.com,"Knesebeckstrasse 44",57612,Idelberg,"02688 59 14 97"
Dietrich,Mathias,MathiasDietrich@gustr.com,"Fontenay 40",95197,Schauenstein,"09252 86 65 88"
Neudorf,Thomas,ThomasNeudorf@jourrapide.com,"Invalidenstrasse 99",67473,Lindenberg,"06325 72 97 97"
Abt,Philipp,PhilippAbt@dayrep.com,"Kurfürstenstraße 40",74369,Löchgau,"07143 29 86 29"
Cole,Ursula,UrsulaCole@gustr.com,"Unter den Linden 28",39040,Magdeburg,"0391 42 32 71"
Weisz,Sophie,SophieWeisz@teleworm.us,"Lietzenburger Strasse 44",51688,Wipperfürth,"02192 31 35 02"
Roth,Markus,MarkusRoth@superrito.com,"Borstelmannsweg 34",96486,Lautertal,"09561 32 68 26"
Baader,Marko,MarkoBaader@teleworm.us,"Langenhorner Chaussee 63",93429,Furth,"08704 32 07 55"
Lemann,Birgit,BirgitLemann@fleckens.hu,"Rohrdamm 46",32791,Lage,"05202 38 26 63"
Metzger,Klaus,KlausMetzger@einrot.com,"Hardenbergstraße 36",24372,Kappeln,"06385 80 20 85"
Pfeifer,Phillipp,PhillippPfeifer@fleckens.hu,"Bayreuther Strasse 26",67661,"Kaiserslautern Siegelbach","063 83 91 51"
Baer,Christina,ChristinaBaer@armyspy.com,"Knesebeckstraße 1",58675,Hemer,"02372 53 58 58"
Farber,Jessika,JessikaFarber@dayrep.com,"Mühlenstrasse 92",93024,Regensburg,"0941 12 61 69"
Egger,Andreas,AndreasEgger@rhyta.com,"Am Borsigturm 8",40670,"Meerbusch Osterath","02150 13 94 09"
Scholz,Sophia,SophiaScholz@superrito.com,"Meinekestraße 87",38872,Elbingerode,"05521 85 97 56"
Abend,Uwe,UweAbend@teleworm.us,"Rathausstrasse 14",90003,Nürnberg,"0911 48 23 75"
Goldschmidt,Marina,MarinaGoldschmidt@einrot.com,"Fasanenstrasse 49",22457,"Hamburg Niendorf","040 75 79 88"
Maurer,Felix,FelixMaurer@fleckens.hu,"Nuernbergerstrasse 29",49696,Molbergen,"04471 22 49 18"
Richter,Karin,KarinRichter@fleckens.hu,"Boxhagener Str. 3",20535,"Hamburg Borgfelde","040 84 19 47"
Schäfer,Sven,SvenSchafer@jourrapide.com,"Frankfurter Allee 50",76185,"Karlsruhe Nordweststadt","0721 15 07 85"
Weiß,Mandy,MandyWeiss@teleworm.us,"Rosenstrasse 22",81311,München,"089 15 87 17"
Fink,Marco,MarcoFink@teleworm.us,"Flughafenstrasse 54",92256,Hahnbach,"09621 53 16 38"
Herzog,Frank,FrankHerzog@jourrapide.com,"Lietzensee-Ufer 60",01551,Großenhain,"03522 18 55 43"
Foerster,Daniela,DanielaFoerster@armyspy.com,"Michaelkirchstr. 4",29581,Gerdau,"05808 46 85 94"
Dresdner,Lena,LenaDresdner@gustr.com,"Hollander Strasse 19",35039,Marburg,"06420 28 05 08"
Reiniger,Thorsten,ThorstenReiniger@gustr.com,"Büsingstrasse 97",85581,Poing,"08121 93 27 54"
Fuchs,Lena,LenaFuchs@rhyta.com,"Schaarsteinweg 44",92516,Schwarzenfeld,"09435 29 41 51"
Holtzmann,Frank,FrankHoltzmann@armyspy.com,"Luebecker Strasse 28",08312,Lauter,"09544 83 33 32"
Schwarz,Maik,MaikSchwarz@armyspy.com,"Prenzlauer Allee 77",04132,Leipzig,"0341 72 04 65"
Hoover,Markus,MarkusHoover@gustr.com,"Kurfürstendamm 48",17463,Greifswald,"0383 61 76 51"
Fleischer,David,DavidFleischer@armyspy.com,"Ruschestrasse 67",39408,Staßfurt,"03925 80 33 38"
Kaufmann,Anja,AnjaKaufmann@einrot.com,"Stuttgarter Platz 15",56424,Moschheim,"02602 36 10 20"
Lange,Thorsten,ThorstenLange@dayrep.com,"Luetzowplatz 58",54636,Altscheid,"06569 68 87 57"
Cole,Dieter,DieterCole@dayrep.com,"Kurfürstendamm 36",18087,Rostock,"0381 57 58 41"
Schröder,Simone,SimoneSchroder@teleworm.us,"Leipziger Straße 16",34320,Söhrewald,"05608 56 06 89"
Kluge,Thorsten,ThorstenKluge@gustr.com,"Sömmeringstr. 41",76872,"Erlenbach bei Kandel","07275 76 04 50"
Grunewald,Sebastian,SebastianGrunewald@superrito.com,"Spresstrasse 50",24918,Flensburg,"0461 82 41 50"
Bohm,Anna,AnnaBohm@superrito.com,"Leipziger Strasse 56",54296,"Trier Mariahof","0651 58 71 57"
Blau,Sophie,SophieBlau@einrot.com,"Michaelkirchstr. 69",31714,Lauenhagen,"05721 62 27 23"
Blau,Dennis,DennisBlau@einrot.com,"Nuernbergerstrasse 36",22933,Bargteheide,"04532 87 77 02"
Schmid,Christian,ChristianSchmid@superrito.com,"Nuernbergerstrasse 69",23715,Bosau,"04527 53 49 00"
Mauer,Katharina,KatharinaMauer@superrito.com,"Flughafenstrasse 13",92677,Erbendorf,"09644 83 87 08"
Durr,Katharina,KatharinaDurr@jourrapide.com,"Güntzelstrasse 57",54346,Mehring,"06502 46 31 45"
Thalberg,Sophie,SophieThalberg@fleckens.hu,"Neuer Jungfernstieg 6",84011,Landshut,"08707 65 51 45"
Kohler,Mike,MikeKohler@fleckens.hu,"Frankfurter Allee 57",89201,Neu-Ulm,"0731 99 66 14"
Baier,Leon,LeonBaier@dayrep.com,"Kirchenallee 74",94224,Zwiesel,"09922 38 35 08"
Herrmann,Nicole,NicoleHerrmann@gustr.com,"Park Str. 91",40221,"Düsseldorf Unterbilk","0211 21 64 97"
Braun,Lena,LenaBraun@dayrep.com,"Feldstrasse 56",39382,Oschersleben,"039407 71 36"
Weiß,Janina,JaninaWeiss@jourrapide.com,"Invalidenstrasse 31",66500,Hornbach,"06338 96 57 87"
Freitag,Wolfgang,WolfgangFreitag@armyspy.com,"Knesebeckstraße 34",45661,Recklinghausen,"02361 69 03 57"
Daecher,Doreen,DoreenDaecher@jourrapide.com,"Grosse Praesidenten Str. 39",65620,Waldbrunn,"06274 57 49 64"
Traugott,Lucas,LucasTraugott@fleckens.hu,"Waldowstr. 17",83705,"Bad Wiessee","08022 87 44 40"
Freeh,Kevin,KevinFreeh@einrot.com,"Sonnenallee 14",86029,Augsburg,"0821 80 23 85"
Zimmermann,Peter,PeterZimmermann@fleckens.hu,"Fugger Strasse 74",56070,"Koblenz Neuendorf","0261 47 91 55"
Ebersbacher,Eric,EricEbersbacher@einrot.com,"Fontenay 79",95701,Pechbrunn,"09231 50 51 93"
Eichelberger,Christina,ChristinaEichelberger@fleckens.hu,"Schaarsteinweg 85",92427,Neunburg,"09439 97 00 45"
Kalb,Luca,LucaKalb@einrot.com,"Alt-Moabit 23",04713,Döbeln,"03431 56 31 27"
Eisenberg,Juliane,JulianeEisenberg@einrot.com,"Hollander Strasse 75",35305,Grünberg,"06401 10 06 32"
Trommler,Jan,JanTrommler@rhyta.com,"Konstanzer Strasse 98",63691,Ranstadt,"06035 30 51 11"
Dresner,Luca,LucaDresner@gustr.com,"Langenhorner Chaussee 54",83484,Ramsau,"08657 76 51 15"
Koehler,Ursula,UrsulaKoehler@jourrapide.com,"Prenzlauer Allee 80",04159,Leipzig,"0341 44 05 62"
Fischer,Antje,AntjeFischer@superrito.com,"Meininger Strasse 45",66540,"Neunkirchen Hangard","06821 59 64 82"
Zimmer,Sarah,SarahZimmer@einrot.com,"Waßmannsdorfer Chaussee 9",14167,"Berlin Zehlendorf","030 84 50 84"
Mehler,Uwe,UweMehler@teleworm.us,"Waßmannsdorfer Chaussee 4",20357,"Hamburg Altona-Altstadt","040 34 82 28"
Schreiber,Ute,UteSchreiber@fleckens.hu,"Leopoldstraße 4",13057,"Berlin Falkenberg","030 64 18 72"
Hertz,Yvonne,YvonneHertz@rhyta.com,"Potsdamer Platz 57",90549,Röthenbach,"08384 58 43 89"
Nadel,Max,MaxNadel@rhyta.com,"Hallesches Ufer 32",66811,Lebach,"06881 46 04 68"
Wulf,Maria,MariaWulf@teleworm.us,"Borstelmannsweg 94",92682,Floß,"09603 29 45 16"
Hoover,Nicole,NicoleHoover@fleckens.hu,"Eschenweg 95",07966,Greiz,"03661 18 90 64"
Kohler,Brigitte,BrigitteKohler@jourrapide.com,"Ollenhauer Str. 61",70182,"Stuttgart Mitte","0711 91 24 96"
Bürger,Matthias,MatthiasBurger@fleckens.hu,"Mühlenstrasse 5",96002,Bamberg,"0951 81 02 31"
Grunwald,Frank,FrankGrunwald@jourrapide.com,"Alt-Moabit 89",14731,Brandenburg,"03381 29 90 40"
Pfeffer,Petra,PetraPfeffer@jourrapide.com,"Leipziger Straße 65",37434,Obernfeld,"05527 33 96 90"
Lemann,Erik,ErikLemann@einrot.com,"Neue Roßstr. 71",85093,Denkendorf,"0711 41 54 39"
Kohl,Swen,SwenKohl@fleckens.hu,"Los-Angeles-Platz 3",38126,Braunschweig,"053 85 62 17"
Bachmeier,Andreas,AndreasBachmeier@cuvox.de,"Ziegelstr. 16",94498,Aidenbach,"08543 92 37 34"
Ackerman,Dominik,DominikAckerman@armyspy.com,"Leipziger Strasse 76",68549,Ilvesheim,"0621 41 45 95"
Berg,Tom,TomBerg@rhyta.com,"An der Schillingbrucke 7",72351,Geislingen,"07334 79 85 06"
Blau,Sebastian,SebastianBlau@jourrapide.com,"Am Borsigturm 59",42553,"Velbert Neviges","02051 55 49 58"
Nagel,Dennis,DennisNagel@cuvox.de,"Albrechtstrasse 76",83264,Traunstein,"0861 47 40 74"
Bergmann,Markus,MarkusBergmann@cuvox.de,"Waßmannsdorfer Chaussee 87",21039,"Hamburg Altengamme","040 94 62 95"
Neumann,Dirk,DirkNeumann@superrito.com,"Neue Roßstr. 34",55559,Bretzenheim,"0671 33 46 45"
Baader,Barbara,BarbaraBaader@rhyta.com,"Gotthardstrasse 21",73467,Kirchheim,"0361 34 15 52"
Nussbaum,Thomas,ThomasNussbaum@gustr.com,"Alt-Moabit 64",14747,Brandenburg,"03381 56 24 82"
Decker,Brigitte,BrigitteDecker@armyspy.com,"Lange Strasse 38",85506,Ottobrunn,"089 71 76 92"
Walter,Kathrin,KathrinWalter@armyspy.com,"Hermannstrasse 15",69251,Gaiberg,"06223 51 34 40"
Wurfel,Julia,JuliaWurfel@jourrapide.com,"Jahnstrasse 71",84564,Oberbergkirchen,"08086 98 28 58"
Schweitzer,Ursula,UrsulaSchweitzer@teleworm.us,"Hoheluftchaussee 79",04577,Espenhain,"034206 51 98"
Fried,Klaudia,KlaudiaFried@cuvox.de,"Brandenburgische Strasse 32",76889,Oberotterbach,"06342 84 65 04"
König,Uwe,UweKonig@dayrep.com,"Eschenweg 78",07334,Bucha,"03641 60 08 30"
Schmidt,Martin,MartinSchmidt@teleworm.us,"An Der Urania 39",25779,Bergewöhrden,"04836 41 13 29"
Mahler,Kristian,KristianMahler@jourrapide.com,"Pasewalker Straße 24",71566,Althütte,"07183 28 01 19"
Fuchs,Sophia,SophiaFuchs@teleworm.us,"Buelowstrasse 92",56479,Oberrod,"02664 96 92 68"
Berg,Dieter,DieterBerg@rhyta.com,"Luebeckertordamm 91",91217,Hersbruck,"09151 62 06 96"
Holzman,Tobias,TobiasHolzman@rhyta.com,"Motzstr. 69",67587,Wintersheim,"06733 35 75 58"
Kaiser,Klaus,KlausKaiser@gustr.com,"Koepenicker Str. 26",55758,Vollmersbach,"06781 70 47 23"
Eberhardt,Florian,FlorianEberhardt@gustr.com,"Koenigstrasse 58",72531,Hohenstein,"036336 55 84"
Egger,Gabriele,GabrieleEgger@armyspy.com,"Ufnau Strasse 76",87675,Stötten,"08349 98 57 62"
Fried,Sven,SvenFried@einrot.com,"Mellingburgredder 15",91078,Uttenreuth,"09131 47 85 71"
Peters,Sophie,SophiePeters@cuvox.de,"Hardenbergstraße 22",66507,Reifenberg,"06375 87 19 22"
Dresner,Karin,KarinDresner@teleworm.us,"Invalidenstrasse 64",67473,Lindenberg,"06325 93 31 82"
Lange,Mandy,MandyLange@rhyta.com,"Brandenburgische Str. 36",72810,Gomaringen,"07072 20 65 38"
Baumgartner,Dieter,DieterBaumgartner@armyspy.com,"Luebecker Strasse 27",93423,Roding,"09469 69 05 02"
Moench,Klaus,KlausMoench@armyspy.com,"Eschenweg 76",07388,Ranis,"03647 38 39 68"
Cole,Swen,SwenCole@einrot.com,"Kurfürstenstraße 1",73527,Täferrot,"07175 87 14 11"
Gerber,Paul,PaulGerber@fleckens.hu,"Kantstrasse 63",90234,Nürnberg,"0911 36 67 06"
Freud,Leonie,LeonieFreud@armyspy.com,"Potsdamer Platz 41",85111,Adelschlag,"08421 25 68 55"
Mehler,Mathias,MathiasMehler@jourrapide.com,"Rankestraße 13",92332,Berching,"08462 95 11 18"
Vogler,Julia,JuliaVogler@armyspy.com,"Flotowstr. 61",04614,Rositz,"03447 57 48 98"
Fleischer,Phillipp,PhillippFleischer@gustr.com,"Kurfuerstendamm 67",80043,München,"089 30 80 25"
Köhler,Ursula,UrsulaKohler@superrito.com,"Gubener Str. 83",83060,Raubling,"08034 70 36 74"
Busch,Steffen,SteffenBusch@fleckens.hu,"Guentzelstrasse 11",36145,Hofbieber,"06657 20 40 22"
Cole,Matthias,MatthiasCole@dayrep.com,"Rathausstrasse 71",90010,Nürnberg,"0911 78 17 14"
Kaestner,Jonas,JonasKaestner@armyspy.com,"Borstelmannsweg 42",92238,Hirschau,"09608 53 96 69"
Sommer,Lea,LeaSommer@armyspy.com,"Gotzkowskystrasse 10",57638,Neitersen,"02681 89 86 38"
Kaestner,Felix,FelixKaestner@teleworm.us,"An der Schillingbrucke 14",89613,Grundsheim,"07357 87 06 47"
Jager,Karolin,KarolinJager@cuvox.de,"Lange Strasse 26",82170,Puchheim,"089 49 16 01"
Reiniger,Susanne,SusanneReiniger@fleckens.hu,"Friedrichstrasse 37",45886,Gelsenkirchen,"0209 65 42 16"
Adler,Karolin,KarolinAdler@dayrep.com,"Mohrenstrasse 90",72348,Rosenfeld,"07427 56 82 53"
Baader,Frank,FrankBaader@armyspy.com,"Bleibtreustraße 2",78239,Rielasingen-Worblingen,"07731 58 34 11"
Koch,Daniel,DanielKoch@rhyta.com,"Sömmeringstr. 12",74930,Ittlingen,"07266 70 14 40"
Papst,Ralph,RalphPapst@superrito.com,"Fasanenstrasse 92",20459,"Hamburg Neustadt","040 96 07 93"
Diederich,Silke,SilkeDiederich@gustr.com,"Stuttgarter Platz 50",76872,Winden,"02604 45 25 51"
Nussbaum,Thomas,ThomasNussbaum@armyspy.com,"Bissingzeile 87",27432,Hipstedt,"04761 10 84 15"
Schiffer,Erik,ErikSchiffer@teleworm.us,"Flotowstr. 36",09514,Lengefeld,"03464 63 44 25"
Lehmann,Tanja,TanjaLehmann@cuvox.de,"Jahnstrasse 98",83528,Schnaitsee,"08074 32 02 92"
Kohler,Christina,ChristinaKohler@cuvox.de,"Esplanade 35",63937,Weilbach,"09373 22 65 99"
Schulze,Andreas,AndreasSchulze@teleworm.us,"Waßmannsdorfer Chaussee 68",14167,"Berlin Zehlendorf","030 15 26 04"
Furst,Sabine,SabineFurst@einrot.com,"Boxhagener Str. 3",22415,"Hamburg Hummelsbüttel","040 78 48 60"
Baumgartner,Swen,SwenBaumgartner@gustr.com,"Knesebeckstrasse 96",57632,Kescheid,"02685 75 87 29"
Wolf,Luca,LucaWolf@fleckens.hu,"Borstelmannsweg 41",96486,Lautertal,"09561 77 31 18"
Kaiser,Karolin,KarolinKaiser@fleckens.hu,"Jahnstrasse 71",83201,Prien,"08051 11 42 73"
Brandt,Benjamin,BenjaminBrandt@cuvox.de,"An Der Urania 31",25813,Husum,"04841 75 49 32"
Grunewald,Yvonne,YvonneGrunewald@rhyta.com,"Mellingburgredder 66",91019,Erlangen,"09131 44 52 38"
Feierabend,Mandy,MandyFeierabend@armyspy.com,"Stuttgarter Platz 37",55606,Horbach,"02602 60 49 35"
Drechsler,Alexander,AlexanderDrechsler@fleckens.hu,"Luebeckertordamm 13",91466,Gerhardshofen,"09163 76 99 04"
Fischer,Jonas,JonasFischer@rhyta.com,"Unter den Linden 94",19011,Schwerin,"0385 70 91 15"
Finkel,Uta,UtaFinkel@fleckens.hu,"Stresemannstr. 20",83248,Marquartstein,"06841 60 16 02"
Weiss,Christian,ChristianWeiss@superrito.com,"Bleibtreustrasse 43",32760,"Detmold Vahlhausen","05231 66 08 51"
Ehrlichmann,Swen,SwenEhrlichmann@superrito.com,"An der Schillingbrucke 22",73432,"Aalen Waldhausen","07361 12 76 30"
Bach,Ursula,UrsulaBach@superrito.com,"Karl-Liebknecht-Strasse 80",27249,Maasen,"04271 59 02 34"
Fiedler,David,DavidFiedler@cuvox.de,"Fasanenstrasse 20",22359,"Hamburg Rahlstedt","040 71 09 21"
Oster,Erik,ErikOster@rhyta.com,"Ruschestrasse 21",18273,"Gleviner Burg","03843 95 52 09"
Shuster,Frank,FrankShuster@armyspy.com,"An der Schillingbrucke 68",89275,Elchingen,"07308 97 29 99"
Naumann,Birgit,BirgitNaumann@cuvox.de,"Bissingzeile 60",27432,Bremervörde,"04761 88 47 28"
Keller,Franziska,FranziskaKeller@rhyta.com,"Kantstraße 7",02994,Bernsdorf,"03723 60 98 06"
Kruger,Tim,TimKruger@cuvox.de,"Eschenweg 18",07724,Jena,"03641 97 61 54"
Fleischer,Jana,JanaFleischer@superrito.com,"Brandenburgische Str 17",55278,Friesenheim,"06737 64 01 42"
Kaestner,Heike,HeikeKaestner@armyspy.com,"Schmarjestrasse 91",15292,Brieskow-Finkenheerd,"033609 19 41"
Kruger,Florian,FlorianKruger@teleworm.us,"Alsterkrugchaussee 73",90599,Dietenhofen,"09105 76 78 99"
Müller,Dominik,DominikMuller@fleckens.hu,"Ansbacher Strasse 53",55487,Laufersweiler,"06543 62 08 02"
Strauss,Manuela,ManuelaStrauss@superrito.com,"Hans-Grade-Allee 23",24983,Handewitt,"04608 50 11 10"
Weiss,Stefan,StefanWeiss@armyspy.com,"Marseiller Strasse 51",86986,Schwabbruck,"08868 73 33 53"
Hoffmann,Sabrina,SabrinaHoffmann@teleworm.us,"Jahnstrasse 72",83093,"Bad Endorf","08053 62 11 83"
Fisher,Jörg,JorgFisher@rhyta.com,"Fasanenstrasse 75",22113,"Hamburg Moorfleet","040 22 47 05"
Koch,Dennis,DennisKoch@rhyta.com,"Gotzkowskystrasse 17",56766,Berenbach,"02676 99 65 21"
Papst,Paul,PaulPapst@einrot.com,"Neue Roßstr. 95",36041,Fulda,"0661 91 79 19"
Neumann,Felix,FelixNeumann@fleckens.hu,"Mühlenstrasse 87",97013,Würzburg,"0931 25 72 13"
Zimmermann,Lea,LeaZimmermann@einrot.com,"Büsingstrasse 33",85452,Moosinning,"08122 28 35 75"
Meier,Bernd,BerndMeier@gustr.com,"Sonnenallee 21",86181,Augsburg,"0821 63 80 26"
Roth,Martin,MartinRoth@gustr.com,"Paderborner Strasse 47",86818,"Bad Wörishofen","08247 12 19 85"
Pfeiffer,Klaus,KlausPfeiffer@superrito.com,"Sömmeringstr. 42",68753,Waghäusel,"07254 98 26 49"
Achen,Leonie,LeonieAchen@cuvox.de,"Mühlenstrasse 47",93009,Regensburg,"0941 34 98 17"
Weiss,Diana,DianaWeiss@fleckens.hu,"Budapester Straße 34",96210,Lichtenfels,"06454 16 04 91"
Dresner,Matthias,MatthiasDresner@cuvox.de,"Joachimstaler Str. 91",55471,Keidelheim,"06761 43 90 36"
Amsel,Marcel,MarcelAmsel@cuvox.de,"Albrechtstrasse 11",83365,Nußdorf,"0861 57 96 58"
Schulze,Luca,LucaSchulze@cuvox.de,"Luckenwalder Strasse 55",31867,Hülsede,"05043 79 49 09"
Barth,Michael,MichaelBarth@gustr.com,"Genterstrasse 66",24043,Kiel,"0431 18 56 81"
Fassbinder,Marina,MarinaFassbinder@fleckens.hu,"Inge Beisheim Platz 29",22889,Tangstedt,"04109 30 28 60"
Moeller,Lucas,LucasMoeller@dayrep.com,"Park Str. 67",40233,"Düsseldorf Oberbilk","0211 14 08 53"
Brandt,Daniela,DanielaBrandt@armyspy.com,"Gotthardstrasse 26",09003,Chemnitz,"0371 33 20 41"
Kortig,Felix,FelixKortig@cuvox.de,"Waldowstr. 36",97999,Igersheim,"07931 30 26 42"
Grunewald,Maik,MaikGrunewald@gustr.com,"Hollander Strasse 17",65589,Hadamar,"06433 90 20 63"
Wolf,Dirk,DirkWolf@gustr.com,"Luebecker Strasse 45",96104,Ebern,"09533 22 06 91"
Kaufmann,Jörg,JorgKaufmann@dayrep.com,"Albrechtstrasse 23",86307,Friedberg,"0821 76 12 91"
Maier,Melanie,MelanieMaier@cuvox.de,"Konstanzer Strasse 64",63594,Hasselroth,"06055 17 47 00"
Baumgartner,Annett,AnnettBaumgartner@fleckens.hu,"Luebecker Strasse 13",96111,Hirschaid,"09543 58 64 30"
Dresner,Anja,AnjaDresner@rhyta.com,"Bayreuther Strasse 71",89075,"Ulm Böfingen","073 27 46 59"
König,Leonie,LeonieKonig@rhyta.com,"Hans-Grade-Allee 79",24878,Jagel,"04624 42 03 18"
Thalberg,Patrick,PatrickThalberg@fleckens.hu,"Gotthardstrasse 83",99014,Erfurt,"0361 73 60 84"
Rothstein,Peter,PeterRothstein@armyspy.com,"Meinekestraße 44",49577,Eggermühlen,"05462 13 75 46"
Holtzmann,Diana,DianaHoltzmann@gustr.com,"Rankestraße 29",94105,Untergriesbach,"08501 12 76 17"
König,Leah,LeahKonig@superrito.com,"Flughafenstrasse 59",92232,Sulzbach-Rosenberg,"09661 71 75 11"
Diederich,Jana,JanaDiederich@gustr.com,"Charlottenstrasse 23",99005,Erfurt,"0361 92 57 04"
Schuster,Franziska,FranziskaSchuster@gustr.com,"Brandenburgische Str. 33",75394,Oberreichenbach,"07051 50 81 78"
Baer,Maximilian,MaximilianBaer@teleworm.us,"Leipziger Straße 9",37627,Wangelnstedt,"05532 54 41 75"
Koehler,Stephanie,StephanieKoehler@teleworm.us,"Hans-Grade-Allee 91",24997,Wanderup,"04606 48 52 10"
Schwab,Kristian,KristianSchwab@einrot.com,"Rudower Chaussee 72",23505,Lübeck,"01805 54 57 42"
Berg,Kevin,KevinBerg@fleckens.hu,"Heinrich Heine Platz 41",99630,Weißensee,"03636 54 90 28"
Winkel,Annett,AnnettWinkel@jourrapide.com,"Bleibtreustrasse 75",33100,"Paderborn Dahl","05251 78 73 51"
Bayer,Jens,JensBayer@fleckens.hu,"Rathausstrasse 83",86602,Donauwörth,"0906 56 65 26"
Duerr,Michelle,MichelleDuerr@superrito.com,"Grosse Praesidenten Str. 61",74855,Haßmersheim,"06261 47 88 26"
Schreiber,Tobias,TobiasSchreiber@jourrapide.com,"Kieler Strasse 58",83237,"Reit im Winkl","08640 19 22 21"
Pfeifer,Sven,SvenPfeifer@teleworm.us,"Messedamm 31",01008,Dresden,"0351 73 01 93"
Daecher,Lisa,LisaDaecher@einrot.com,"Pappelallee 40",99448,Barchfeld,"036961 54 43"
Strauss,Steffen,SteffenStrauss@jourrapide.com,"Grosse Praesidenten Str. 40",64653,Lorsch,"06251 98 14 49"
Walter,Christine,ChristineWalter@einrot.com,"Ellmenreichstrasse 35",91320,Ebermannstadt,"09194 89 80 27"
Freeh,Julia,JuliaFreeh@superrito.com,"Schoenebergerstrasse 16",08326,Sosa,"03773 55 81 25"
Abt,Monika,MonikaAbt@dayrep.com,"Prenzlauer Allee 88",04009,Leipzig,"0341 57 82 05"
Mauer,Jürgen,JurgenMauer@gustr.com,"Rohrdamm 6",31073,Delligsen,"05187 69 00 22"
Dietrich,Michelle,MichelleDietrich@einrot.com,"Hardenbergstraße 23",66871,Ehweiler,"06384 92 41 45"
Keller,Kathrin,KathrinKeller@rhyta.com,"Güntzelstrasse 38",54340,Pölich,"06507 30 92 47"
Kirsch,Dieter,DieterKirsch@cuvox.de,"Alter Wall 70",97358,Schwarzach,"09324 36 04 02"