Amsel,Lucas,LucasAmsel@gustr.com,"Mohrenstrasse 12",88471,Laupheim,"07392 94 04 44"
Friedmann,Uwe,UweFriedmann@rhyta.com,"Ruschestrasse 67",19221,Hagenow,"03883 13 82 30"
Brandt,Katharina,KatharinaBrandt@gustr.com,"Adenauerallee 22",17210,Malchow,"039932 99 84"
Koch,Marie,MarieKoch@fleckens.hu,"Rankestraße 76",85078,Gaimersheim,"08458 89 22 85"
Vogler,Mario,MarioVogler@superrito.com,"Kurfürstenstraße 63",71277,Rutesheim,"07152 82 87 98"
Schiffer,Kevin,KevinSchiffer@jourrapide.com,"Eschenweg 64",07722,Jena,"03641 44 31 22"
Papst,Kathrin,KathrinPapst@gustr.com,"Pasewalker Straße 94",75177,"Pforzheim Nordstadt","07231 12 43 60"
Schreiner,Klaudia,KlaudiaSchreiner@jourrapide.com,"Frankfurter Allee 29",76185,"Karlsruhe Weststadt","0721 90 67 80"
Wirtz,Melanie,MelanieWirtz@fleckens.hu,"Hermannstrasse 64",55278,Dalheim,"06249 18 20 14"
Luft,Luca,LucaLuft@gustr.com,"An Der Urania 48",25846,Pellworm,"04842 96 75 52"
Osterhagen,Dennis,DennisOsterhagen@teleworm.us,"Kurfürstenstraße 99",82285,Hattenhofen,"07164 77 12 85"
Fried,Dieter,DieterFried@teleworm.us,"Eichendorffstr. 68",72221,Haiterbach,"07456 74 57 53"
Bumgarner,Daniel,DanielBumgarner@gustr.com,"Brandenburgische Str. 46",71720,Oberstenfeld,"07062 34 33 82"
Bürger,Mandy,MandyBurger@armyspy.com,"Gotzkowskystrasse 76",56754,Möntenich,"02672 84 21 17"
Egger,Kathrin,KathrinEgger@gustr.com,"Rudower Chaussee 81",96031,Bamberg,"0951 92 52 02"
Schroeder,Torsten,TorstenSchroeder@cuvox.de,"Mollstrasse 14",65719,"Hofheim am Taunus","06122 47 45 46"
Junker,Jürgen,JurgenJunker@cuvox.de,"Billwerder Neuer Deich 86",95483,Warmensteinach,"09277 21 17 09"
Urner,Karolin,KarolinUrner@fleckens.hu,"Koepenicker Str. 91",56368,Niedertiefenbach,"06772 22 88 97"
Schaefer,Lisa,LisaSchaefer@superrito.com,"Kantstraße 60",09355,Gersdorf,"03723 66 28 90"
Eiffel,Melanie,MelanieEiffel@dayrep.com,"Kirchenallee 53",94541,Grattersdorf,"09903 28 86 78"
Fenstermacher,Mandy,MandyFenstermacher@teleworm.us,"Alter Wall 21",97306,Kitzingen,"09321 18 08 53"
Propst,Sebastian,SebastianPropst@einrot.com,"Prager Str 80",85314,Freising,"08161 73 21 09"
Holtzmann,Claudia,ClaudiaHoltzmann@einrot.com,"Ziegelstr. 12",91284,Neuhaus,"08507 39 07 96"
Freeh,Philipp,PhilippFreeh@einrot.com,"Koepenicker Str. 15",55758,Veitsrodt,"06781 75 52 72"
Hertz,Ursula,UrsulaHertz@cuvox.de,"Grosse Praesidenten Str. 57",67706,Krickenbach,"06307 56 68 18"
Aachen,Martina,MartinaAachen@rhyta.com,"Motzstr. 62",67585,Dorn-Dürkheim,"06733 82 70 28"
Ritter,Jonas,JonasRitter@armyspy.com,"Augsburger Strasse 59",54673,Bauler,"02692 85 42 63"
Fassbinder,Thomas,ThomasFassbinder@rhyta.com,"Paul-Nevermann-Platz 65",97462,Niederwerrn,"09721 65 35 40"
Mueller,Juliane,JulianeMueller@dayrep.com,"Eschenweg 60",98561,Schmalkalden,"03683 23 28 00"
Faerber,Michelle,MichelleFaerber@superrito.com,"Prager Str 1",85242,Röhrmoos,"08139 44 83 24"
Kuster,Luca,LucaKuster@einrot.com,"Kirchenallee 65",94240,Teisnach,"09921 66 94 38"
Hahn,Christine,ChristineHahn@armyspy.com,"Prenzlauer Allee 6",04181,Leipzig,"0341 40 31 04"
Diederich,Matthias,MatthiasDiederich@einrot.com,"Invalidenstrasse 54",88151,Lindenberg,"06325 73 64 61"
Bayer,Robert,RobertBayer@superrito.com,"Genterstrasse 68",24043,Kiel,"0431 13 45 41"
Maur,Jessika,JessikaMaur@teleworm.us,"Schmarjestrasse 62",14664,Ketzin,"033233 14 79"
Beyer,Stefan,StefanBeyer@jourrapide.com,"Kantstraße 23",36422,"Bad Salzungen","03695 11 28 96"
Schweizer,Maria,MariaSchweizer@superrito.com,"Hoheluftchaussee 70",04734,Waldheim,"034327 43 92"
Kruger,Leah,LeahKruger@fleckens.hu,"Karl-Liebknecht-Strasse 3",24629,Kisdorf,"04191 48 34 50"
Fassbinder,Maria,MariaFassbinder@armyspy.com,"Schmarjestrasse 77",14790,Ziesar,"033830 18 90"
Pabst,Sandra,SandraPabst@einrot.com,"Borstelmannsweg 9",96410,Coburg,"09561 53 47 31"
Vogler,Ursula,UrsulaVogler@superrito.com,"Ellmenreichstrasse 65",91361,Pinzberg,"09191 30 46 17"
Gerste,Kevin,KevinGerste@armyspy.com,"Chausseestr. 17",25444,Quickborn,"04106 49 83 85"
Abend,Katrin,KatrinAbend@fleckens.hu,"Unter den Linden 49",39032,Magdeburg,"0391 48 11 48"
Holzman,Sven,SvenHolzman@rhyta.com,"Knesebeckstraße 85",45711,Datteln,"02363 67 31 77"
Dietrich,Swen,SwenDietrich@jourrapide.com,"Kirchenallee 50",94559,Niederwinkling,"09906 27 68 06"
Austerlitz,Marcel,MarcelAusterlitz@armyspy.com,"Joachimstaler Str. 15",97731,Gemünden,"06765 48 34 33"
Abend,Stephan,StephanAbend@cuvox.de,"Schaarsteinweg 20",93304,Kelheim,"09441 27 49 95"
Mahler,David,DavidMahler@jourrapide.com,"Prenzlauer Allee 10",04009,Leipzig,"0341 86 11 08"
Koehler,Marina,MarinaKoehler@teleworm.us,"Alt-Moabit 29",04567,Kitzscher,"03433 74 59 41"
Schaefer,Leah,LeahSchaefer@fleckens.hu,"Rudolstaedter Strasse 60",63762,Großostheim,"06026 43 78 22"
Schreiner,Anja,AnjaSchreiner@rhyta.com,"Augsburger Straße 70",58579,Schalksmühle,"02337 41 87 77"
Thalberg,Tim,TimThalberg@jourrapide.com,"Hoheluftchaussee 41",04747,Ostrau,"034324 36 58"
Moench,Mathias,MathiasMoench@dayrep.com,"Lange Strasse 68",85510,Ottobrunn,"089 22 18 50"
Sanger,Doreen,DoreenSanger@einrot.com,"Sonnenallee 47",77746,Schutterwald,"0781 33 21 89"
Kappel,Klaus,KlausKappel@teleworm.us,"Albrechtstrasse 19",94013,Passau,"0851 30 61 97"
Schäfer,Alexander,AlexanderSchafer@dayrep.com,"Ollenhauer Str. 67",70599,"Stuttgart Schönberg","0711 45 59 36"
Bergmann,Patrick,PatrickBergmann@einrot.com,"Prenzlauer Allee 34",04209,Leipzig,"0341 32 08 47"
Berg,Michael,MichaelBerg@einrot.com,"Stuttgarter Platz 9",56290,Dommershausen,"02605 64 78 71"
Sommer,Torsten,TorstenSommer@superrito.com,"Rhinstrasse 60",80720,München,"089 31 89 90"
Scholz,Nicole,NicoleScholz@cuvox.de,"Knesebeckstrasse 72",53534,Barweiler,"02691 60 56 19"
Fenstermacher,Diana,DianaFenstermacher@rhyta.com,"Schillerstrasse 9",82545,Eurasburg,"08171 30 72 28"
Shuster,Ute,UteShuster@rhyta.com,"Anhalter Strasse 47",67759,Reichsthal,"06363 42 04 27"
Herzog,Diana,DianaHerzog@dayrep.com,"Meininger Strasse 74",66352,Großrosseln,"06809 97 55 15"
Keller,Doreen,DoreenKeller@gustr.com,"Bissingzeile 86",27432,Basdahl,"04761 72 87 72"
Wolf,Mike,MikeWolf@armyspy.com,"Hollander Strasse 2",66999,Hinterweidenthal,"06396 12 15 83"
Neustadt,Johanna,JohannaNeustadt@rhyta.com,"Knesebeckstrasse 82",56269,Dierdorf,"02689 46 44 40"
Weiß,Ulrich,UlrichWeiss@cuvox.de,"Gotzkowskystrasse 51",56825,Urschmitt,"02677 65 61 19"
Meier,Jürgen,JurgenMeier@fleckens.hu,"Meininger Strasse 17",66399,Mandelbachtal,"06804 31 20 32"
Freitag,Juliane,JulianeFreitag@superrito.com,"Langenhorner Chaussee 64",83429,"Bad Reichenhall","08651 75 69 62"
Gottlieb,Ute,UteGottlieb@einrot.com,"An Der Urania 22",25866,Mildstedt,"04841 57 80 00"
Koertig,Andrea,AndreaKoertig@armyspy.com,"Konstanzer Strasse 11",63263,Neu-Isenburg,"06102 19 79 73"
Kluge,Anja,AnjaKluge@dayrep.com,"Brandenburgische Straße 86",10965,"Berlin Neukölln","030 95 55 81"
Wexler,Robert,RobertWexler@cuvox.de,"Marseiller Strasse 7",82413,Murnau,"08841 63 34 15"
Weber,Annett,AnnettWeber@fleckens.hu,"An Der Urania 74",24787,Ahrenstedt,"04846 28 28 16"
Gottschalk,Sebastian,SebastianGottschalk@teleworm.us,"Budapester Strasse 25",24514,Neumünster,"04321 16 58 37"
Gerber,Torsten,TorstenGerber@dayrep.com,"Leipziger Strasse 33",49086,Osnabrück,"0541 89 46 13"
Schwarz,Lucas,LucasSchwarz@armyspy.com,"Lietzenburger Strasse 94",51580,Reichshof,"02261 64 20 82"
Wulf,Ulrich,UlrichWulf@rhyta.com,"Luebeckertordamm 96",91311,Höchstadt,"09163 95 73 95"
Klug,Vanessa,VanessaKlug@rhyta.com,"Schmarjestrasse 14",15898,Bahro,"033656 82 09"
Schroeder,Christian,ChristianSchroeder@teleworm.us,"Leipziger Straße 73",37603,Holzminden,"05531 32 42 64"
Eichelberger,Nadine,NadineEichelberger@armyspy.com,"Paderborner Strasse 49",86556,Kühbach,"08251 25 04 54"
Eisenhauer,Lisa,LisaEisenhauer@jourrapide.com,"Lietzenburger Strasse 12",51429,"Bergisch Gladbach Bockenberg","02202 80 89 37"
Lehmann,Jürgen,JurgenLehmann@jourrapide.com,"Pasewalker Straße 92",75177,"Pforzheim Nordoststadt","07231 96 58 78"
Hoch,Yvonne,YvonneHoch@gustr.com,"Kirchenallee 2",94262,Kollnburg,"09923 68 55 32"
Zweig,Antje,AntjeZweig@fleckens.hu,"Charlottenstrasse 17",01307,Dresden,"0351 35 48 61"
Fried,Niklas,NiklasFried@teleworm.us,"Sömmeringstr. 54",89610,Oberdischingen,"07305 68 63 59"
Lehrer,Klaudia,KlaudiaLehrer@rhyta.com,"Paderborner Strasse 68",86875,Waal,"08246 39 67 12"
Weiss,Jonas,JonasWeiss@teleworm.us,"Kirchenallee 20",94508,Schöllnach,"09907 59 09 01"
Schäfer,Thomas,ThomasSchafer@dayrep.com,"Ellmenreichstrasse 45",91293,Forchheim,"09191 35 33 79"
Hirsch,Karolin,KarolinHirsch@fleckens.hu,"Fugger Strasse 7",56070,"Koblenz Neuendorf","0261 94 75 52"
Ostermann,Stefan,StefanOstermann@armyspy.com,"Brandenburgische Strasse 77",67365,Schwegenheim,"06344 11 52 05"
Freeh,Ralph,RalphFreeh@fleckens.hu,"Jahnstrasse 59",83229,Aschau,"08057 92 68 56"
Gaertner,Jessika,JessikaGaertner@armyspy.com,"Hochstrasse 67",25917,Achtrup,"04662 92 39 95"
Schmitt,Uwe,UweSchmitt@teleworm.us,"Jenaer Strasse 62",45131,Essen,"0201 32 42 28"
Berg,Anja,AnjaBerg@armyspy.com,"Albrechtstrasse 90",85016,Ingolstadt,"0841 48 08 10"
Walter,Ulrich,UlrichWalter@dayrep.com,"Am Borsigturm 19",47800,Krefeld,"02151 23 23 04"
Gerber,Thorsten,ThorstenGerber@rhyta.com,"Lietzenburger Strasse 36",51429,"Bergisch Gladbach Bockenberg","02202 40 74 61"
Weissmuller,Anke,AnkeWeissmuller@cuvox.de,"Albrechtstrasse 39",94004,Passau,"0851 58 64 06"
Brauer,Heike,HeikeBrauer@dayrep.com,"Storkower Strasse 10",56242,Marienrachdorf,"02626 53 80 54"
Schreiber,Leon,LeonSchreiber@fleckens.hu,"Reeperbahn 44",23777,Heringsdorf,"038378 71 46"
Kaestner,Robert,RobertKaestner@rhyta.com,"Mellingburgredder 58",91798,Höttingen,"09141 79 91 65"
Achen,Barbara,BarbaraAchen@gustr.com,"Fasanenstrasse 62",20354,"Hamburg Neustadt","040 99 11 92"
Wurfel,Janina,JaninaWurfel@fleckens.hu,"Brandenburgische Strasse 68",67316,Carlsberg,"06356 83 35 77"
Beckenbauer,Marko,MarkoBeckenbauer@superrito.com,"Landhausstraße 74",16202,Eberswalde,"03334 22 90 35"
Kortig,René,ReneKortig@jourrapide.com,"Meininger Strasse 67",66539,"Neunkirchen Ludwigsthal","06821 96 10 46"
Kunze,Stefan,StefanKunze@einrot.com,"Mühlenstrasse 65",93016,Regensburg,"0941 30 67 03"
Gaertner,Mike,MikeGaertner@rhyta.com,"Ansbacher Strasse 68",56858,Sosberg,"06545 28 57 51"
Urner,Antje,AntjeUrner@gustr.com,"Lietzenburger Strasse 82",50354,Hürth,"02233 72 15 94"
Kastner,Max,MaxKastner@gustr.com,"Bayreuther Strasse 37",72768,"Reutlingen Weststadt","071 59 52 09"
Oster,Katja,KatjaOster@einrot.com,"Gubener Str. 38",83134,Prutting,"08031 62 82 69"
Ehrlichmann,Daniela,DanielaEhrlichmann@armyspy.com,"Hollander Strasse 64",56370,Gutenacker,"06439 37 74 37"
Baumgartner,Ulrike,UlrikeBaumgartner@superrito.com,"Schillerstrasse 44",82504,Wolfratshausen,"08171 24 59 78"
Huber,Christina,ChristinaHuber@rhyta.com,"Alt Reinickendorf 76",87647,Kraftisried,"08304 77 69 27"
Achen,Katja,KatjaAchen@fleckens.hu,"Mellingburgredder 69",91771,Weißenburg,"09141 59 06 39"
Saenger,Claudia,ClaudiaSaenger@einrot.com,"Reeperbahn 97",18501,Grimmen,"038326 59 08"
Hahn,Kathrin,KathrinHahn@superrito.com,"Knesebeckstraße 67",59192,Bergkamen,"02389 26 88 34"
Abend,Jonas,JonasAbend@cuvox.de,"Prager Str 80",82211,Herrsching,"08152 34 95 21"
Austerlitz,Thomas,ThomasAusterlitz@cuvox.de,"Borstelmannsweg 58",92720,Schwarzenbach,"09605 74 16 25"
Schneider,Brigitte,BrigitteSchneider@armyspy.com,"Gotzkowskystraße 44",47647,Kerken,"02833 42 52 14"
Blau,Matthias,MatthiasBlau@fleckens.hu,"Koenigstrasse 41",99326,Behringen,"036254 70 79"
Maur,Niklas,NiklasMaur@gustr.com,"Rhinstrasse 48",80741,München,"089 36 90 92"
Peters,Julia,JuliaPeters@teleworm.us,"Lange Strasse 31",75417,Mühlacker,"0171 43 06 41"
Durr,Sabrina,SabrinaDurr@armyspy.com,"Schönwalder Allee 88",93451,Neukirchen,"04365 63 77 00"
Foerster,Anke,AnkeFoerster@rhyta.com,"Storkower Strasse 46",56566,"Neuwied Neuwied","02622 75 89 80"
Fleischer,Juliane,JulianeFleischer@armyspy.com,"Potsdamer Platz 40",88146,Opfenbach,"08381 98 75 53"
Bach,Katja,KatjaBach@teleworm.us,"Neue Roßstr. 15",54296,"Trier Weismark-Feyen","0651 12 70 01"
Reinhardt,Tobias,TobiasReinhardt@cuvox.de,"Amsinckstrasse 10",03119,Welzow,"035751 51 39"
Schwartz,David,DavidSchwartz@gustr.com,"Marseiller Strasse 80",82456,Garmisch-Partenkirchen,"08821 22 27 57"
Neustadt,Ines,InesNeustadt@gustr.com,"Brandenburgische Straße 72",12309,"Berlin Lichtenrade","030 55 30 60"
Adler,Antje,AntjeAdler@armyspy.com,"Feldstrasse 42",39315,Parey,"039344 29 25"
Jager,Benjamin,BenjaminJager@rhyta.com,"Brandenburgische Str 13",55627,Merxheim,"06754 46 04 72"
Eisenberg,Mandy,MandyEisenberg@jourrapide.com,"Kieler Strasse 75",84570,Polling,"08630 46 05 20"
Frei,Florian,FlorianFrei@fleckens.hu,"Albrechtstrasse 5",85021,Ingolstadt,"0841 38 18 08"
Fassbinder,Kerstin,KerstinFassbinder@rhyta.com,"Reeperbahn 11",18234,Kröpelin,"038292 56 05"
Fenstermacher,Mandy,MandyFenstermacher@gustr.com,"Charlottenstrasse 45",01245,Dresden,"0351 39 63 69"
Nagel,Sara,SaraNagel@jourrapide.com,"Frankfurter Allee 13",89229,Neu-Ulm,"0731 39 34 02"
Lowe,Yvonne,YvonneLowe@cuvox.de,"Kurfuerstendamm 26",82156,Gräfelfing,"089 44 88 09"
Neudorf,Sara,SaraNeudorf@einrot.com,"Rankestraße 83",86622,Neuburg,"08431 93 89 07"
Bosch,Marie,MarieBosch@einrot.com,"Sonnenallee 95",86042,Augsburg,"0821 63 30 44"
Sommer,Sarah,SarahSommer@gustr.com,"Landhausstraße 10",15872,Eisenhüttenstadt,"03364 19 48 58"
Gerber,Johanna,JohannaGerber@jourrapide.com,"Langenhorner Chaussee 55",84520,Neuötting,"08671 24 50 08"
Frey,Kristin,KristinFrey@armyspy.com,"Kieler Strasse 40",84467,Waldkraiburg,"08638 22 67 80"
Weissmuller,Nadine,NadineWeissmuller@dayrep.com,"Genslerstraße 77",10409,"Berlin Weißensee","030 40 39 17"
Durr,Leonie,LeonieDurr@teleworm.us,"Gotzkowskystraße 87",47589,Uedem,"02823 43 92 11"
Bar,Tanja,TanjaBar@superrito.com,"Ellmenreichstrasse 23",91361,Pinzberg,"09191 33 01 42"
Maur,Bernd,BerndMaur@fleckens.hu,"Straße der Pariser Kommune 99",48165,Münster,"0251 50 20 50"
Bürger,Dieter,DieterBurger@fleckens.hu,"Rudower Chaussee 97",97664,"Bad Kissingen","0971 13 26 62"
Hofmann,Dennis,DennisHofmann@cuvox.de,"Guentzelstrasse 55",55452,Hergenfeld,"06706 48 57 34"
Friedman,Niklas,NiklasFriedman@dayrep.com,"Augsburger Strasse 2",53539,Kirsbach,"02692 89 11 75"
Hoffmann,Marina,MarinaHoffmann@teleworm.us,"Grolmanstraße 28",28195,"Bremen Bahnhofsvorstadt","0421 70 83 18"
Koertig,Stefanie,StefanieKoertig@dayrep.com,"Bayreuther Strasse 6",72760,"Reutlingen Orschel Hagen","071 42 86 29"
Brandt,Jonas,JonasBrandt@gustr.com,"Luckenwalder Strasse 7",31553,Auhagen,"05033 24 05 90"
Schuster,Dominik,DominikSchuster@dayrep.com,"Rudower Chaussee 62",91510,Ansbach,"0981 53 03 54"
Schultheiss,Nicole,NicoleSchultheiss@superrito.com,"Koenigstrasse 53",96179,Rattelsdorf,"036426 43 53"
Dresner,Leonie,LeonieDresner@gustr.com,"Augsburger Strasse 19",57520,Molzhain,"02743 45 35 09"
Muench,Lisa,LisaMuench@fleckens.hu,"Alsterkrugchaussee 59",91101,Schwabach,"09122 58 25 75"
Hofmann,Robert,RobertHofmann@einrot.com,"Neuer Jungfernstieg 32",69250,Schönau,"08723 62 29 58"
Gersten,Sophia,SophiaGersten@einrot.com,"Wallstrasse 66",56761,Hauroth,"02653 65 87 52"
Goldschmidt,Jessica,JessicaGoldschmidt@jourrapide.com,"Karl-Liebknecht-Strasse 90",28865,Lilienthal,"04208 60 81 00"
Wolf,Jan,JanWolf@einrot.com,"An der Schillingbrucke 71",89129,Nerenstetten,"07345 79 12 68"
Vogt,Monika,MonikaVogt@superrito.com,"Inge Beisheim Platz 3",25311,Elmshorn,"04121 40 39 26"
Baum,Ute,UteBaum@fleckens.hu,"Ruschestrasse 95",19282,Ludwigslust,"03874 94 07 61"
Beich,Angelika,AngelikaBeich@rhyta.com,"Knesebeckstrasse 40",56307,Dürrholz,"02684 88 97 38"
Herman,Dominik,DominikHerman@jourrapide.com,"Brandenburgische Straße 5",12249,"Berlin Lankwitz","030 71 31 62"
Lehmann,Dominik,DominikLehmann@cuvox.de,"Kastanienallee 62",26835,Holtland,"04950 19 82 71"
Braun,Laura,LauraBraun@fleckens.hu,"Lützowplatz 92",54314,Schömerich,"06587 55 60 10"
Reinhard,Kristian,KristianReinhard@jourrapide.com,"Konstanzer Strasse 84",63847,Leidersbach,"06028 41 84 55"
Weber,Daniela,DanielaWeber@fleckens.hu,"Budapester Straße 32",54329,Konz,"06501 72 93 58"
Holzman,Torsten,TorstenHolzman@teleworm.us,"Schoenebergerstrasse 71",08358,Grünhain,"03774 54 11 73"
Reiniger,Tobias,TobiasReiniger@superrito.com,"Chausseestr. 25",17345,Woldegk,"03963 16 99 19"
Ackerman,Jessika,JessikaAckerman@superrito.com,"Rudower Strasse 60",54634,Niederstedem,"06561 34 59 45"
Frey,Stefanie,StefanieFrey@einrot.com,"Alter Wall 3",97778,Fellen,"09356 77 21 29"
Jager,Niklas,NiklasJager@jourrapide.com,"Nuernbergerstrasse 78",23701,Eutin,"04521 18 59 79"
Bayer,Daniel,DanielBayer@gustr.com,"Amsinckstrasse 9",01998,Klettwitz,"035754 14 69"
Kaufmann,Frank,FrankKaufmann@rhyta.com,"Eichendorffstr. 83",88379,Unterwaldhausen,"07505 39 56 13"
Herman,Stephan,StephanHerman@einrot.com,"Am Borsigturm 28",40878,"Ratingen Zentrum","02102 23 23 64"
Wexler,Marko,MarkoWexler@fleckens.hu,"Rhinstrasse 90",80733,München,"089 60 44 98"
Luft,Stefanie,StefanieLuft@einrot.com,"Hollander Strasse 24",65558,Lohrheim,"06432 44 00 27"
Muench,Nicole,NicoleMuench@teleworm.us,"Schillerstrasse 2",85371,Neufahrn,"08165 52 24 16"
Schneider,Andreas,AndreasSchneider@cuvox.de,"Rankestraße 10",85084,Reichertshofen,"08446 94 12 92"
Winkel,Sandra,SandraWinkel@dayrep.com,"Anhalter Strasse 16",67725,Breunigweiler,"06357 65 09 36"
Herzog,Matthias,MatthiasHerzog@gustr.com,"Hedemannstasse 48",88370,Ebenweiler,"07584 67 77 82"
Möller,Uwe,UweMoller@einrot.com,"Mollstrasse 9",55120,"Mainz Mainz","06131 38 59 39"
Abend,Kevin,KevinAbend@einrot.com,"Güntzelstrasse 4",54646,Wettlingen,"06523 89 40 25"
Fisher,David,DavidFisher@rhyta.com,"Meinekestraße 24",49577,Ankum,"05462 97 59 75"
Finkel,Julia,JuliaFinkel@jourrapide.com,"Gotzkowskystraße 63",47559,Kranenburg,"02826 29 95 62"
Kuester,Franziska,FranziskaKuester@teleworm.us,"Fasanenstrasse 59",22609,"Hamburg Nienstedten","040 16 22 82"
Gerber,Benjamin,BenjaminGerber@dayrep.com,"Chausseestr. 88",25495,Kummerfeld,"04101 61 55 58"
Ebersbach,Sven,SvenEbersbach@armyspy.com,"Ruschestrasse 70",18273,"Gleviner Burg","03843 68 36 27"
Schreiber,Christian,ChristianSchreiber@teleworm.us,"Flughafenstrasse 73",92727,Waldthurn,"09657 62 82 82"
Diederich,Robert,RobertDiederich@dayrep.com,"Neue Roßstr. 6",66121,"Saarbrücken Schafbrücke","0681 94 00 40"
Frueh,Phillipp,PhillippFrueh@fleckens.hu,"Hermannstrasse 49",67547,"Worms Weinsheim","06241 14 86 14"
Kuefer,Marcel,MarcelKuefer@cuvox.de,"Borstelmannsweg 68",92251,Schnaittenbach,"09604 65 20 35"
Eichelberger,Stephan,StephanEichelberger@armyspy.com,"Rosenstrasse 62",81335,München,"089 12 29 53"
Ziegler,Jens,JensZiegler@superrito.com,"Messedamm 23",01067,Dresden,"0351 95 73 71"
Unger,Phillipp,PhillippUnger@fleckens.hu,"Kantstraße 76",09447,Annaberg-Buchholz,"03733 85 14 98"
Hertzog,Johanna,JohannaHertzog@superrito.com,"Meinekestraße 40",38700,Braunlage,"05520 88 49 77"
Beich,Ralf,RalfBeich@armyspy.com,"Hallesches Ufer 59",66653,Merzig,"06861 11 24 82"
Bosch,Marina,MarinaBosch@fleckens.hu,"Augsburger Strasse 32",53520,Dümpelfeld,"02695 59 39 61"
Baumgaertner,Lukas,LukasBaumgaertner@einrot.com,"Schoenebergerstrasse 57",08428,Langenbernsdorf,"03761 86 51 41"
Freitag,Bernd,BerndFreitag@einrot.com,"Bissingzeile 29",25786,Dellstedt,"04802 60 06 72"
Daecher,Daniela,DanielaDaecher@jourrapide.com,"Luckenwalder Strasse 17",31191,Algermissen,"05126 50 95 01"
Sommer,Jonas,JonasSommer@jourrapide.com,"Schönhauser Allee 94",79258,Hartheim,"07633 82 96 54"
Wechsler,Florian,FlorianWechsler@armyspy.com,"Mühlenstrasse 40",97084,Würzburg,"0931 17 33 62"
Bohm,Lucas,LucasBohm@gustr.com,"An der Schillingbrucke 84",88436,Eberhardzell,"07355 67 70 10"
Feierabend,Nadine,NadineFeierabend@teleworm.us,"Schönhauser Allee 84",78052,"Villingen-Schwenningen Zollhaus","07721 97 36 74"
Lang,Marco,MarcoLang@gustr.com,"Meininger Strasse 13",66643,Marpingen,"06827 50 34 57"
Scholz,Laura,LauraScholz@rhyta.com,"Jenaer Strasse 66",45309,Essen,"0201 50 64 82"
Lemann,Anke,AnkeLemann@cuvox.de,"Flotowstr. 78",06322,Hettstedt,"03476 96 66 07"
Krüger,Stefan,StefanKruger@gustr.com,"Flughafenstrasse 65",95676,Wiesau,"09634 94 79 57"
Drechsler,Jörg,JorgDrechsler@gustr.com,"Wallstrasse 4",56584,Meinborn,"02639 28 19 28"
Engel,Sara,SaraEngel@teleworm.us,"Joachimstaler Str. 88",55471,Neuerkirch,"06761 82 05 54"
Lemann,Andrea,AndreaLemann@cuvox.de,"Grosse Praesidenten Str. 7",67724,Gehrweiler,"06302 40 58 10"
Osterhagen,Torsten,TorstenOsterhagen@cuvox.de,"Boxhagener Str. 30",22089,"Hamburg Hamm-Nord","040 62 89 08"
Schulze,Antje,AntjeSchulze@fleckens.hu,"Güntzelstrasse 1",54673,Dauwelshausen,"06524 33 64 90"
Möller,Thorsten,ThorstenMoller@fleckens.hu,"Waldowstr. 73",83737,Irschenberg,"08020 38 51 89"
Osterhagen,Daniela,DanielaOsterhagen@gustr.com,"Flotowstr. 63",04607,Meuselwitz,"03448 21 51 08"
Schweitzer,Ursula,UrsulaSchweitzer@teleworm.us,"Leipziger Straße 30",37619,Hehlen,"05533 81 43 75"
Kohl,Maximilian,MaximilianKohl@fleckens.hu,"Michaelkirchstr. 98",31702,Lüdersfeld,"05721 40 16 94"
Frankfurter,Alexander,AlexanderFrankfurter@teleworm.us,"Luebecker Strasse 42",97476,Knetzgau,"09521 69 34 55"
Sankt,Marcel,MarcelSankt@fleckens.hu,"Paderborner Strasse 53",86802,Buchloe,"08241 47 14 53"
Berg,Tom,TomBerg@teleworm.us,"Schoenebergerstrasse 54",54426,Schönberg,"03764 11 53 10"
Fassbinder,Christian,ChristianFassbinder@superrito.com,"Flughafenstrasse 75",92693,Eslarn,"09653 42 87 20"
Fuchs,Michelle,MichelleFuchs@superrito.com,"Mohrenstrasse 26",72280,Dornstetten,"07443 14 40 32"
Richter,Karin,KarinRichter@gustr.com,"Kieler Strasse 25",84565,Oberneukirchen,"08630 97 29 79"
Bieber,Monika,MonikaBieber@gustr.com,"Waßmannsdorfer Chaussee 64",22607,"Hamburg Bahrenfeld","040 81 05 15"
Becker,Petra,PetraBecker@jourrapide.com,"Charlottenstrasse 85",03003,Cottbus,"0355 29 50 78"
Rothstein,Jörg,JorgRothstein@fleckens.hu,"Schaarsteinweg 55",93346,Ihrlerstein,"09441 56 87 63"
Engel,Melanie,MelanieEngel@dayrep.com,"Sonnenallee 8",79108,"Freiburg Stadt","0761 29 60 67"
Propst,Maik,MaikPropst@teleworm.us,"Albrechtstrasse 57",87471,Durach,"0831 42 58 82"
Reinhard,Sabrina,SabrinaReinhard@dayrep.com,"Leipziger Strasse 51",65197,Wiesbaden,"0611 95 91 50"
Daecher,Sabine,SabineDaecher@armyspy.com,"Bissingzeile 54",27432,Ebersdorf,"04761 30 18 52"
Fleischer,Uta,UtaFleischer@superrito.com,"Grolmanstraße 29",28217,"Bremen Handelshäfen","0421 66 28 30"
Busch,Florian,FlorianBusch@rhyta.com,"Knesebeckstrasse 61",56593,Pleckhausen,"02687 85 20 92"
Baumgaertner,Christian,ChristianBaumgaertner@armyspy.com,"Mollstrasse 59",65239,"Hochheim am Main","06145 67 79 16"
Mayer,Robert,RobertMayer@dayrep.com,"An der Schillingbrucke 11",87784,Westerheim,"07333 25 50 48"
Kohl,Eric,EricKohl@teleworm.us,"Hans-Grade-Allee 51",23909,Albsfelde,"04541 31 42 58"
Eberhardt,Patrick,PatrickEberhardt@armyspy.com,"Neuer Jungfernstieg 73",84552,Geratskirchen,"08724 33 35 10"
Foerster,Katja,KatjaFoerster@einrot.com,"Hochstrasse 39",25993,Wenningstedt,"04651 32 91 69"
Dietrich,Ute,UteDietrich@teleworm.us,"Guentzelstrasse 60",55599,Eckelsheim,"06703 39 42 10"
Zimmerman,Kathrin,KathrinZimmerman@rhyta.com,"Grolmanstraße 92",28307,"Bremen Mahndorf","0421 52 00 10"
Pfeifer,Tim,TimPfeifer@superrito.com,"Landhausstraße 29",15703,"Königs Wusterhausen","03362 34 21 30"
Schmitt,Thomas,ThomasSchmitt@rhyta.com,"Ansbacher Strasse 77",54689,Kickeshausen,"06550 14 84 67"
Abt,Klaus,KlausAbt@teleworm.us,"Schmarjestrasse 54",15736,Zeuthen,"033762 78 18"
Baader,Petra,PetraBaader@teleworm.us,"Brandenburgische Strasse 4",67308,Biedesheim,"06355 82 93 43"
Walter,Kristian,KristianWalter@rhyta.com,"Rudower Chaussee 17",46236,"Bottrop Altstadt","02045 66 75 60"
Krueger,Eric,EricKrueger@teleworm.us,"Rosenstrasse 61",81543,München,"089 87 85 63"
Moench,Marcel,MarcelMoench@fleckens.hu,"Fontenay 20",95364,Ludwigschorgast,"09227 31 36 63"
Friedman,Sophie,SophieFriedman@jourrapide.com,"Pohlstrasse 23",38554,Weyhausen,"05362 38 17 26"
Schulze,Simone,SimoneSchulze@cuvox.de,"Unter den Linden 18",39004,Magdeburg,"0391 69 19 15"
Schuster,Marie,MarieSchuster@teleworm.us,"Waßmannsdorfer Chaussee 71",21029,"Hamburg Altengamme","040 18 64 08"
Amsel,Jana,JanaAmsel@armyspy.com,"Luebecker Strasse 77",97478,Knetzgau,"09521 75 82 42"
Peters,Andrea,AndreaPeters@fleckens.hu,"Gubener Str. 96",83060,Raubling,"08034 98 90 65"
Köhler,Franziska,FranziskaKohler@armyspy.com,"Grosse Praesidenten Str. 69",74219,Möckmühl,"06298 45 71 80"
Zimmer,Uwe,UweZimmer@jourrapide.com,"Mollstrasse 48",65396,Walluf,"06123 99 87 26"
Foerster,Sara,SaraFoerster@rhyta.com,"Rathausstrasse 61",90768,Fürth,"0911 74 35 02"
Schreiber,Lukas,LukasSchreiber@cuvox.de,"Unter den Linden 75",19059,Schwerin,"0385 19 45 75"
Kastner,Sven,SvenKastner@dayrep.com,"Adenauerallee 2",17250,Mirow,"039833 59 97"
Furst,Barbara,BarbaraFurst@dayrep.com,"Alt-Moabit 56",04662,Grimma,"03437 56 59 11"
Kaestner,Christine,ChristineKaestner@einrot.com,"Kurfürstendamm 63",18131,Rostock,"0381 35 34 05"
Bader,Lena,LenaBader@cuvox.de,"Landsberger Allee 69",80453,München,"089 25 28 60"
Baer,Daniela,DanielaBaer@cuvox.de,"Alter Wall 11",97801,Lohr,"09352 40 84 96"
Schaefer,Anne,AnneSchaefer@fleckens.hu,"Grosse Praesidenten Str. 23",67752,"Rutsweiler an der Lauter","06304 33 65 00"
Bauer,Johanna,JohannaBauer@armyspy.com,"Anhalter Strasse 81",67271,Kleinkarlbach,"06359 13 36 75"
Shuster,Eric,EricShuster@fleckens.hu,"Neuer Jungfernstieg 37",84132,Vilsbiburg,"08741 16 74 83"
Kuhn,Stephan,StephanKuhn@cuvox.de,"Friedrichstrasse 5",40589,"Düsseldorf Benrath","0211 32 59 58"
Feierabend,Mike,MikeFeierabend@fleckens.hu,"An der Schillingbrucke 21",88436,Eberhardzell,"07355 60 06 83"
Faust,Max,MaxFaust@teleworm.us,"Luetzowplatz 85",54636,Oberweiler,"06569 67 28 98"
Daecher,Ralf,RalfDaecher@dayrep.com,"Flotowstr. 11",06873,"Lutherstadt Wittenberg","03491 87 37 39"
Himmel,Uta,UtaHimmel@cuvox.de,"Gruenauer Strasse 51",21436,Marschacht,"04176 75 35 68"
Dresner,Mandy,MandyDresner@rhyta.com,"Brandenburgische Str. 79",72119,Ammerbuch,"07073 40 28 55"
Bar,Sarah,SarahBar@jourrapide.com,"Kastanienallee 6",24899,Wohlde,"04885 92 80 94"
Rothstein,Antje,AntjeRothstein@fleckens.hu,"Pohlstrasse 48",38319,Remlingen,"05336 37 88 67"
Ritter,Franziska,FranziskaRitter@einrot.com,"Alt-Moabit 71",04663,Grimma,"03437 30 07 73"
Glockner,René,ReneGlockner@gustr.com,"Grosse Praesidenten Str. 61",67817,Imsbach,"06302 47 54 67"
Kohl,Ines,InesKohl@jourrapide.com,"Pasewalker Straße 53",75175,"Pforzheim Haidach","07231 44 35 58"
Durr,Katharina,KatharinaDurr@teleworm.us,"Gubener Str. 8",83007,Rosenheim,"08031 34 62 62"
Probst,Anke,AnkeProbst@superrito.com,"Fugger Strasse 22",56070,"Koblenz Bubenheim","0261 95 99 20"
Ehrlichmann,Dominik,DominikEhrlichmann@armyspy.com,"Luckenwalder Strasse 70",30890,Barsinghausen,"05035 87 46 23"
Probst,Marko,MarkoProbst@fleckens.hu,"Rudower Chaussee 98",23507,Lübeck,"01805 22 57 50"
Engel,David,DavidEngel@jourrapide.com,"Fasanenstrasse 59",20459,"Hamburg Neustadt","040 88 56 96"
Schaefer,Benjamin,BenjaminSchaefer@gustr.com,"Unter den Linden 46",19018,Schwerin,"0385 27 13 01"
Faber,Karolin,KarolinFaber@gustr.com,"Ufnau Strasse 31",87578,Kaufbeuren,"08341 92 42 66"
Nussbaum,Stefan,StefanNussbaum@rhyta.com,"Schaarsteinweg 51",92407,Schwandorf,"09431 29 69 93"
Jager,Mathias,MathiasJager@cuvox.de,"Mühlenstrasse 84",93027,Regensburg,"0941 58 58 38"
Fassbinder,Vanessa,VanessaFassbinder@rhyta.com,"Rankestraße 2",83362,Berg,"08433 88 92 50"
Finkel,Kathrin,KathrinFinkel@armyspy.com,"Inge Beisheim Platz 15",25492,Heist,"04122 22 68 75"
Zimmerman,Sophie,SophieZimmerman@cuvox.de,"An der Schillingbrucke 90",89299,Unterroth,"07343 71 52 75"
Frankfurter,Lena,LenaFrankfurter@teleworm.us,"Budapester Strasse 95",27299,Langwedel,"04329 15 59 96"
Ostermann,Luca,LucaOstermann@cuvox.de,"An der Schillingbrucke 22",89555,Steinheim,"07329 64 01 27"
Mayer,Jana,JanaMayer@gustr.com,"An der Schillingbrucke 30",73329,Kuchen,"07331 87 38 33"
Schiffer,Torsten,TorstenSchiffer@armyspy.com,"Pohlstrasse 13",38170,Uehrde,"05332 25 84 12"
Grunwald,Wolfgang,WolfgangGrunwald@fleckens.hu,"Luckenwalder Strasse 9",29369,Ummern,"05083 80 63 69"
Schmidt,Felix,FelixSchmidt@fleckens.hu,"Unter den Linden 82",39032,Magdeburg,"0391 92 02 17"
Friedman,Tim,TimFriedman@teleworm.us,"Gotthardstrasse 96",74366,Kirchheim,"0361 52 13 67"
Brandt,Jana,JanaBrandt@teleworm.us,"Neuer Jungfernstieg 90",94424,Arnstorf,"08726 29 73 44"
Mueller,Ursula,UrsulaMueller@gustr.com,"Reeperbahn 79",33803,Steinhagen,"038327 18 45"
Wagner,Klaudia,KlaudiaWagner@fleckens.hu,"Alsterkrugchaussee 49",86732,Oettingen,"09082 66 94 31"
Zweig,Ute,UteZweig@superrito.com,"Schaarsteinweg 67",92409,Schwandorf,"09431 25 73 72"
Schweitzer,Ulrich,UlrichSchweitzer@armyspy.com,"Amsinckstrasse 49",03182,Peitz,"035601 97 51"
Konig,Michelle,MichelleKonig@rhyta.com,"Augsburger Strasse 46",54552,Neichen,"02692 36 90 71"
Wechsler,Tim,TimWechsler@gustr.com,"Reeperbahn 43",94261,Kirchdorf,"038351 32 75"
Baumgaertner,Kristin,KristinBaumgaertner@jourrapide.com,"Luetzowplatz 65",54558,Strohn,"06573 55 62 57"
Gersten,Eric,EricGersten@fleckens.hu,"Luebeckertordamm 28",91478,"Markt Nordheim","09165 19 48 77"
Drescher,Stefanie,StefanieDrescher@fleckens.hu,"Buelowstrasse 79",57629,Wied,"02662 39 08 59"
Fuchs,Maik,MaikFuchs@jourrapide.com,"Potsdamer Platz 16",83504,Wasserburg,"08382 28 58 80"
Friedmann,Klaudia,KlaudiaFriedmann@teleworm.us,"An der Alster 54",39359,Böddensell,"039054 44 79"
Baer,Mathias,MathiasBaer@jourrapide.com,"Landhausstraße 62",16771,Gransee,"03306 79 97 57"
Gloeckner,René,ReneGloeckner@rhyta.com,"Bayreuther Strasse 85",63075,"Offenbach am Main","069 77 41 40"
Nagel,Marie,MarieNagel@cuvox.de,"Ollenhauer Str. 6",70327,"Stuttgart Rotenberg","0711 14 68 80"
Zimmer,Laura,LauraZimmer@einrot.com,"Rankestraße 11",85279,Wolnzach,"08442 31 82 60"
Berg,Max,MaxBerg@jourrapide.com,"An Der Urania 48",25802,Husum,"04841 96 61 59"
Ackermann,Jennifer,JenniferAckermann@armyspy.com,"Augsburger Straße 55",58454,"Witten Annen","02302 94 92 69"
Frankfurter,Jens,JensFrankfurter@gustr.com,"Paderborner Strasse 83",87711,Mindelheim,"08261 52 55 93"
Oster,Uwe,UweOster@jourrapide.com,"Budapester Strasse 77",24606,Trappenkamp,"04323 32 33 38"
Fink,Stephanie,StephanieFink@teleworm.us,"Hans-Grade-Allee 65",24991,Freienwill,"04602 77 13 47"
Furst,Tom,TomFurst@fleckens.hu,"Meininger Strasse 90",66271,Kleinblittersdorf,"06805 95 43 31"
Huber,Lisa,LisaHuber@rhyta.com,"Scharnweberstrasse 60",63791,Karlstein,"06188 58 54 09"
Fleischer,Jörg,JorgFleischer@armyspy.com,"Koenigstrasse 78",06503,Gernrode,"036076 47 74"
Kuester,Marcel,MarcelKuester@armyspy.com,"An der Schillingbrucke 44",73492,Rainau,"07361 87 65 38"
Ackermann,Petra,PetraAckermann@dayrep.com,"Lietzenburger Straße 90",48499,Salzbergen,"05923 91 37 09"
Becker,Matthias,MatthiasBecker@fleckens.hu,"Park Str. 81",42659,"Solingen Höhscheid","0212 92 04 93"
Schuster,Brigitte,BrigitteSchuster@rhyta.com,"Kurfürstenstraße 8",73207,Plochingen,"07153 53 83 04"
Nussbaum,Sabrina,SabrinaNussbaum@einrot.com,"Landhausstraße 29",59969,Hallenberg,"02984 84 98 75"
Burger,Ralph,RalphBurger@fleckens.hu,"Güntzelstrasse 52",54518,Gladbach,"06508 30 64 41"
Boehm,Sebastian,SebastianBoehm@armyspy.com,"Ruschestrasse 63",23957,Wismar,"03841 92 60 59"
Abend,Kerstin,KerstinAbend@cuvox.de,"Unter den Linden 84",39028,Magdeburg,"0391 74 90 60"
Kunze,Alexander,AlexanderKunze@gustr.com,"Pasewalker Straße 7",76534,Baden-Baden,"07221 25 77 43"
Eisenberg,Maximilian,MaximilianEisenberg@rhyta.com,"Kantstrasse 13",95413,Bayreuth,"0921 18 54 24"
Brauer,Philipp,PhilippBrauer@cuvox.de,"Ansbacher Strasse 32",54614,Dingdorf,"06553 32 60 57"
Trommler,Eric,EricTrommler@rhyta.com,"Storkower Strasse 60",56244,Krümmel,"02626 51 46 20"
Frey,Marco,MarcoFrey@jourrapide.com,"Fischerinsel 20",41751,"Viersen Nette","02162 41 98 86"
Wechsler,Anne,AnneWechsler@jourrapide.com,"Rhinstrasse 10",80992,München,"089 38 85 73"
Kuefer,Marie,MarieKuefer@fleckens.hu,"Prager Str 64",82323,Tutzing,"08157 38 41 72"
Bumgarner,Marco,MarcoBumgarner@armyspy.com,"Stuttgarter Platz 34",76872,Winden,"02604 17 86 79"
Brandt,Yvonne,YvonneBrandt@superrito.com,"Sonnenallee 42",86154,Augsburg,"0821 96 62 40"
Mauer,Juliane,JulianeMauer@jourrapide.com,"Grolmanstraße 13",28759,"Bremen Schönebeck","0421 34 00 69"
Loewe,Andreas,AndreasLoewe@rhyta.com,"Alt Reinickendorf 13",87504,Immenstadt,"08303 27 68 48"
Wirth,Philipp,PhilippWirth@rhyta.com,"Augsburger Strasse 59",07925,Gefell,"02692 66 76 45"
Schulze,Uta,UtaSchulze@armyspy.com,"Stuttgarter Platz 36",56294,Gierschnach,"02605 48 19 27"
Schultz,Barbara,BarbaraSchultz@fleckens.hu,"Ruschestrasse 44",39444,Hecklingen,"03925 49 81 78"
Gersten,Jörg,JorgGersten@gustr.com,"Storkower Strasse 38",56237,Breitenau,"02623 54 65 15"
Möller,Silke,SilkeMoller@armyspy.com,"Straße der Pariser Kommune 1",44145,Dortmund,"0231 93 72 47"
Gerber,Julia,JuliaGerber@superrito.com,"Jahnstrasse 81",83102,Tuntenhausen,"08061 69 87 48"
Waechter,Barbara,BarbaraWaechter@jourrapide.com,"Lange Strasse 41",81906,München,"089 34 05 16"
Ackerman,Jessika,JessikaAckerman@cuvox.de,"Hollander Strasse 62",65558,Hirschberg,"06439 42 84 65"
Bauer,Anke,AnkeBauer@superrito.com,"Prager Str 25",85356,Freising,"08161 71 24 76"
Bader,Diana,DianaBader@rhyta.com,"Joachimstaler Str. 79",55494,Erbach,"06764 44 83 22"
Holzman,Marko,MarkoHolzman@einrot.com,"Kieler Strasse 9",84534,Ampfing,"08636 67 37 33"
Klug,Nadine,NadineKlug@teleworm.us,"Kastanienallee 73",26892,Dörpen,"04963 79 06 68"
Drescher,Eric,EricDrescher@rhyta.com,"Schaarsteinweg 78",92269,Fensterbach,"09438 87 53 45"
Decker,Uwe,UweDecker@fleckens.hu,"Rohrdamm 7",31840,"Hessisch Oldendorf","05152 73 54 97"
Weber,René,ReneWeber@fleckens.hu,"Jahnstrasse 95",07922,Ebersberg,"08091 89 08 14"
Reinhard,Mario,MarioReinhard@dayrep.com,"Oldesloer Strasse 92",08129,Crossen,"036693 42 16"
Rothschild,Kerstin,KerstinRothschild@dayrep.com,"Bissingzeile 75",27632,Cappel,"04741 34 58 94"
Mueller,Kevin,KevinMueller@dayrep.com,"Rathausstrasse 9",90711,Fürth,"0911 42 92 44"
Fuhrmann,Marcel,MarcelFuhrmann@cuvox.de,"Schmarjestrasse 48",94366,Perasdorf,"09962 82 23 57"
Baier,Sven,SvenBaier@fleckens.hu,"Prager Str 51",82344,Andechs,"08152 87 00 84"
Gersten,Manuela,ManuelaGersten@rhyta.com,"Kurfürstenstraße 52",71093,"Weil im Schönbuch","07157 89 64 96"
Baumgartner,Sara,SaraBaumgartner@cuvox.de,"Boxhagener Str. 72",22529,"Hamburg Hoheluft-West","040 95 98 00"
Diederich,Sabine,SabineDiederich@gustr.com,"Alt-Moabit 69",14733,Brandenburg,"03381 26 49 56"
Krüger,Jan,JanKruger@einrot.com,"Heinrich Heine Platz 29",99630,Weißensee,"03636 43 26 79"
Schreiber,Kerstin,KerstinSchreiber@armyspy.com,"Neue Roßstr. 70",66127,"Saarbrücken Klarenthal","0681 59 52 08"
Mehler,Kathrin,KathrinMehler@jourrapide.com,"Knesebeckstraße 82",45721,Haltern,"02360 79 58 01"
Trommler,Michael,MichaelTrommler@dayrep.com,"Luebecker Strasse 6",97429,Haßfurt,"09521 49 92 25"
Hofmann,Christin,ChristinHofmann@jourrapide.com,"Neuer Jungfernstieg 45",94420,Arnstorf,"08726 37 74 18"
Nacht,Ute,UteNacht@dayrep.com,"Guentzelstrasse 69",36272,Niederaula,"06625 27 53 20"
Jager,Mandy,MandyJager@gustr.com,"Invalidenstrasse 17",66894,Wiesbach,"06337 51 59 89"
Eichelberger,Andrea,AndreaEichelberger@superrito.com,"Konstanzer Strasse 38",63633,Birstein,"06054 50 71 14"
Dresdner,Jörg,JorgDresdner@jourrapide.com,"Knesebeckstraße 50",45711,Datteln,"02363 12 95 78"
Braun,Ines,InesBraun@cuvox.de,"Invalidenstrasse 75",67435,"Neustadt an der Weinstraße Speyerdorf","06321 24 01 61"
Grunwald,Johanna,JohannaGrunwald@superrito.com,"Kurfuerstendamm 92",80012,München,"089 80 42 31"
Klein,Robert,RobertKlein@dayrep.com,"Koepenicker Str. 85",56357,Reitzenhain,"06772 19 50 16"
Lange,Martin,MartinLange@fleckens.hu,"Hoheluftchaussee 28",04767,Mügeln,"034362 11 61"
Amsel,Andreas,AndreasAmsel@fleckens.hu,"Pasewalker Straße 65",77836,Rheinmünster,"07227 23 91 87"
Hoffmann,Jessica,JessicaHoffmann@einrot.com,"Brandenburgische Strasse 93",76889,Gleiszellen-Gleishorbach,"06343 93 45 37"
Sankt,Lucas,LucasSankt@cuvox.de,"Rohrdamm 9",29356,Bröckel,"05144 18 22 73"
Koertig,Florian,FlorianKoertig@cuvox.de,"Mohrenstrasse 59",89597,Munderkingen,"07393 61 94 78"
Wulf,Mario,MarioWulf@rhyta.com,"Albrechtstrasse 67",83269,Traunstein,"0861 89 92 00"
Pfeiffer,Klaus,KlausPfeiffer@teleworm.us,"Budapester Strasse 20",24626,"Groß Kummerfeld","04321 60 58 50"
Krüger,Stephanie,StephanieKruger@jourrapide.com,"Bleibtreustraße 70",77975,Ringsheim,"07822 49 35 07"
Beyer,René,ReneBeyer@einrot.com,"Rudower Strasse 59",54616,Winterspelt,"06555 93 50 15"
Richter,Tobias,TobiasRichter@jourrapide.com,"Paul-Nevermann-Platz 47",97638,Mellrichstadt,"09776 63 65 56"
Ackermann,Max,MaxAckermann@jourrapide.com,"Feldstrasse 94",39291,Altengrabow,"039224 62 73"
Lowe,Bernd,BerndLowe@fleckens.hu,"Schillerstrasse 20",82532,Geretsried,"08171 35 34 16"
Zimmer,Anke,AnkeZimmer@rhyta.com,"Fontenay 25",95677,Waldershof,"09231 27 77 43"
Duerr,Monika,MonikaDuerr@dayrep.com,"Luetzowplatz 26",54675,Wallendorf,"06566 56 63 90"
Baumgaertner,Kevin,KevinBaumgaertner@teleworm.us,"Guentzelstrasse 29",34630,Gilserberg,"06696 71 29 32"
Austerlitz,Martina,MartinaAusterlitz@gustr.com,"Grolmanstraße 23",28209,"Bremen Bürgerpark","0421 16 29 95"
Rothschild,Ulrich,UlrichRothschild@dayrep.com,"Genslerstraße 56",13587,"Berlin Spandau","030 59 71 91"
Hoffmann,Monika,MonikaHoffmann@armyspy.com,"Meininger Strasse 44",66583,Spiesen-Elversberg,"06821 87 69 19"
Schulze,Stefanie,StefanieSchulze@cuvox.de,"Spresstrasse 3",33619,"Bielefeld Hoberge-Uerentrup","0521 80 25 22"
Cole,Kathrin,KathrinCole@einrot.com,"Hedemannstasse 93",88348,Allmannsweiler,"07582 54 58 96"
Theiss,Katja,KatjaTheiss@dayrep.com,"Ellmenreichstrasse 36",91320,Ebermannstadt,"09194 40 74 61"
Hoover,Marie,MarieHoover@fleckens.hu,"Alt-Moabit 1",14907,Jütebog,"03372 48 16 62"
Schweizer,Christian,ChristianSchweizer@dayrep.com,"Rhinstrasse 33",81303,München,"089 53 55 27"
Freeh,Martina,MartinaFreeh@superrito.com,"Knesebeckstrasse 83",57632,Ziegenhain,"02685 28 65 03"
Schiffer,Manuela,ManuelaSchiffer@cuvox.de,"Amsinckstrasse 52",06926,Buschkuhnsdorf,"035389 83 30"
Hertz,Manuela,ManuelaHertz@rhyta.com,"Grosse Praesidenten Str. 89",69434,Heddesbach,"06272 30 27 28"
Schiffer,Florian,FlorianSchiffer@jourrapide.com,"Leopoldstraße 77",12349,"Berlin Buckow","030 46 57 87"
Bader,Tom,TomBader@cuvox.de,"Konstanzer Strasse 45",65529,Waldems,"06082 89 54 98"
Lemann,Christine,ChristineLemann@fleckens.hu,"Marseiller Strasse 65",86977,Burggen,"08860 98 06 96"
Eiffel,Anne,AnneEiffel@einrot.com,"Anhalter Strasse 76",66892,Bruchmühlbach-Miesau,"06372 25 27 54"
Kunze,Silke,SilkeKunze@superrito.com,"Luebeckertordamm 80",91315,Höchstadt,"09163 20 62 58"
Kalb,Tim,TimKalb@jourrapide.com,"Landhausstraße 30",16752,Hennigsdorf,"03302 26 74 53"
Eiffel,Vanessa,VanessaEiffel@armyspy.com,"Alter Wall 30",97241,Bergtheim,"09367 66 32 80"
Schmitt,Martina,MartinaSchmitt@superrito.com,"Neuer Jungfernstieg 99",84048,Mainburg,"08751 85 62 58"
Herzog,Anne,AnneHerzog@teleworm.us,"Brandenburgische Strasse 40",76831,Göcklingen,"06349 41 18 35"
Barth,Marie,MarieBarth@dayrep.com,"Am Borsigturm 42",40668,"Meerbusch Ossum-Bösinghoven","02150 15 83 91"
Schaefer,Karin,KarinSchaefer@armyspy.com,"Mellingburgredder 37",91023,Erlangen,"09131 34 39 72"
Baader,Sophia,SophiaBaader@cuvox.de,"Bissingzeile 92",04603,Altendorf,"04776 61 58 44"
Kortig,Sebastian,SebastianKortig@cuvox.de,"Rankestraße 38",86564,Brunnen,"08443 11 82 94"
Furst,David,DavidFurst@fleckens.hu,"Pappelallee 74",09361,Stollberg,"037296 43 64"
Scholz,Sabine,SabineScholz@dayrep.com,"Flughafenstrasse 32",92539,Schönsee,"09674 83 06 62"
Unger,Anke,AnkeUnger@gustr.com,"Ansbacher Strasse 15",54497,Morbach,"06533 24 23 80"
Busch,Uta,UtaBusch@superrito.com,"Mohrenstrasse 27",88422,Betzenweiler,"07371 36 91 30"
Herman,Marcel,MarcelHerman@rhyta.com,"Rudolstaedter Strasse 57",49770,Herzlake,"05962 29 92 51"
Ackermann,Julia,JuliaAckermann@einrot.com,"Grosse Praesidenten Str. 82",64653,Lorsch,"06251 44 10 57"
Reinhard,Mario,MarioReinhard@cuvox.de,"Scharnweberstrasse 1",68159,"Mannheim Jungbusch","06211 72 47 35"
Glockner,Maik,MaikGlockner@armyspy.com,"Bleibtreustrasse 73",33106,"Paderborn Elsen","05254 10 87 76"
Fiedler,Anke,AnkeFiedler@teleworm.us,"Wallstrasse 45",56761,Masburg,"02653 17 59 10"
Eisenberg,Florian,FlorianEisenberg@superrito.com,"Storkower Strasse 9",56244,Arnshöfen,"02626 63 02 42"
Muller,Maik,MaikMuller@cuvox.de,"Konstanzer Strasse 37",63699,Kefenrod,"06049 78 58 43"
Gerber,Kevin,KevinGerber@fleckens.hu,"Neue Roßstr. 96",73770,Denkendorf,"0711 57 24 60"
Traugott,Kathrin,KathrinTraugott@superrito.com,"Charlottenstrasse 42",01281,Dresden,"0351 20 61 52"
Schiffer,Nicole,NicoleSchiffer@dayrep.com,"Lietzenburger Strasse 92",51766,Engelskirchen,"02261 27 81 52"
Scholz,Manuela,ManuelaScholz@teleworm.us,"Budapester Strasse 43",27254,Siedenburg,"04272 21 38 34"
Baader,Christin,ChristinBaader@dayrep.com,"Kurfuerstendamm 66",89081,"Ulm Weststadt","073 32 33 91"
Kalb,Jonas,JonasKalb@teleworm.us,"Mohrenstrasse 89",89605,Altheim,"07371 73 27 28"
Weiß,Michael,MichaelWeiss@dayrep.com,"Boxhagener Str. 47",20144,"Hamburg Harvestehude","040 31 96 78"
Feierabend,Christine,ChristineFeierabend@rhyta.com,"Budapester Straße 8",54317,Morscheid,"06500 91 63 97"
Achen,Uwe,UweAchen@gustr.com,"Brandenburgische Straße 56",10318,"Berlin Karlshorst","030 81 39 59"
Roth,Maximilian,MaximilianRoth@superrito.com,"Waßmannsdorfer Chaussee 63",13437,"Berlin Wittenau","030 12 18 69"
Busch,Daniel,DanielBusch@superrito.com,"An Der Urania 11",25504,Itzehoe,"04821 90 08 37"
Frankfurter,Katrin,KatrinFrankfurter@cuvox.de,"Schönhauser Allee 11",78166,Donaueschingen,"07705 66 38 65"
Koenig,Julia,JuliaKoenig@dayrep.com,"Guentzelstrasse 60",55595,Gebroth,"06706 66 19 39"
Shuster,Erik,ErikShuster@fleckens.hu,"Lietzensee-Ufer 43",04906,Elsterwerda,"03533 74 76 40"
Berg,René,ReneBerg@teleworm.us,"Rudolstaedter Strasse 75",63702,Aschaffenburg,"06021 95 73 27"
Ziegler,Petra,PetraZiegler@teleworm.us,"Eichendorffstr. 51",88353,Kißlegg,"07506 17 44 29"
Klein,Jürgen,JurgenKlein@rhyta.com,"Hermannstrasse 66",67591,Offstein,"06243 94 98 35"
Fuchs,Nadine,NadineFuchs@superrito.com,"An Der Urania 21",25509,Itzehoe,"04821 60 00 01"
Lemann,Paul,PaulLemann@einrot.com,"Prenzlauer Allee 24",04133,Leipzig,"0341 53 49 74"
Schreiner,René,ReneSchreiner@teleworm.us,"Schönhauser Allee 67",78187,Geisingen,"07704 26 54 52"
Schwartz,Marko,MarkoSchwartz@cuvox.de,"Fischerinsel 34",41748,"Viersen Rahser","02162 46 14 74"
Baer,Vanessa,VanessaBaer@dayrep.com,"Paul-Nevermann-Platz 14",97528,Sulzdorf,"09763 31 08 83"
Eberhardt,Karin,KarinEberhardt@einrot.com,"An der Alster 95",49688,Lastrup,"038461 30 30"
Eisenhauer,Jana,JanaEisenhauer@fleckens.hu,"Karl-Liebknecht-Strasse 50",27367,Hassendorf,"04264 30 34 26"
Meyer,Diana,DianaMeyer@dayrep.com,"Am Borsigturm 88",94107,Rollhäusl,"02137 36 73 19"
Thalberg,Maria,MariaThalberg@cuvox.de,"Güntzelstrasse 59",54646,Bettingen,"06527 13 11 90"
Lehrer,Max,MaxLehrer@jourrapide.com,"Koenigstrasse 56",99332,Ichtershausen,"036202 40 42"
Pfeiffer,Dirk,DirkPfeiffer@dayrep.com,"Hardenbergstraße 99",66871,Selchenbach,"06384 46 72 37"
Sommer,Katharina,KatharinaSommer@rhyta.com,"Paul-Nevermann-Platz 31",97411,Schweinfurt,"09721 44 43 24"
Eggers,Daniela,DanielaEggers@cuvox.de,"Karl-Liebknecht-Strasse 77",28879,Grasberg,"04208 47 62 51"
Ackermann,Felix,FelixAckermann@gustr.com,"Kastanienallee 39",25870,Norderfriedrichskoog,"04864 38 37 16"
Busch,Robert,RobertBusch@rhyta.com,"Michaelkirchstr. 15",31718,Pollhagen,"05721 13 07 84"
Wannemaker,Andrea,AndreaWannemaker@teleworm.us,"Koenigstrasse 97",38883,Blankenburg,"036043 64 06"
Gärtner,Marie,MarieGartner@fleckens.hu,"Koepenicker Str. 92",56355,Winterwerb,"06776 40 98 53"
Bayer,Ines,InesBayer@einrot.com,"Jenaer Strasse 77",42283,"Wuppertal Barmen","0202 30 39 70"
Farber,Jürgen,JurgenFarber@armyspy.com,"Am Borsigturm 1",41460,"Neuss Hammfeld","02137 46 82 59"
Theissen,Andreas,AndreasTheissen@einrot.com,"Mohrenstrasse 96",72458,"Albstadt Ebingen","07431 84 35 32"
Hoover,Christine,ChristineHoover@dayrep.com,"Sömmeringstr. 2",76776,"Neuburg am Rhein","07273 50 74 32"
Hofmann,Gabriele,GabrieleHofmann@teleworm.us,"Mollstrasse 92",82418,Hofheim,"06122 56 20 29"
Waechter,Vanessa,VanessaWaechter@rhyta.com,"Luckenwalder Strasse 97",29664,Osterheide,"05056 96 88 12"
Traugott,Julia,JuliaTraugott@armyspy.com,"Landsberger Allee 48",80451,München,"089 78 35 38"
Duerr,René,ReneDuerr@rhyta.com,"Rathausstrasse 49",90219,Nürnberg,"0911 45 92 91"
Gruenewald,Tobias,TobiasGruenewald@dayrep.com,"Hoheluftchaussee 34",04461,Großpösna,"034297 11 23"
Möller,Mario,MarioMoller@rhyta.com,"Heiligengeistbrücke 48",91735,Muhr,"09831 21 28 82"
Faust,Lisa,LisaFaust@fleckens.hu,"Esplanade 62",93173,Wenzenbach,"09407 60 64 95"
Fried,Uwe,UweFried@dayrep.com,"Kirchenallee 34",94265,Patersdorf,"09923 58 37 44"
Schulze,Wolfgang,WolfgangSchulze@superrito.com,"Flughafenstrasse 2",92207,Amberg,"09621 97 08 87"
Fassbinder,Michael,MichaelFassbinder@teleworm.us,"Straße der Pariser Kommune 54",53129,Bonn,"0228 64 52 86"
Roth,Stephan,StephanRoth@gustr.com,"Budapester Strasse 56",24794,Borgstedt,"04331 42 81 84"
Saenger,Sabine,SabineSaenger@gustr.com,"Hochstrasse 18",25852,Bordelum,"04671 12 87 39"
Muench,Christine,ChristineMuench@armyspy.com,"Hollander Strasse 42",56414,"Zehnhausen bei Wallmerod","06435 32 30 04"
Barth,Paul,PaulBarth@teleworm.us,"Karl-Liebknecht-Strasse 40",27367,Ahausen,"04269 95 71 01"
Berg,Andreas,AndreasBerg@cuvox.de,"Ruschestrasse 86",39554,Stendal,"03931 60 80 67"
Boehm,Ralph,RalphBoehm@gustr.com,"Neuer Jungfernstieg 35",98701,Allersdorf,"08772 60 62 87"
Freud,Robert,RobertFreud@armyspy.com,"Fugger Strasse 47",14431,Potsdam,"0331 28 36 94"
Dresdner,Andrea,AndreaDresdner@cuvox.de,"Augsburger Straße 57",44651,Herne,"02323 45 48 72"
Dietrich,Manuela,ManuelaDietrich@rhyta.com,"Park Str. 26",40589,"Düsseldorf Wersten","0211 83 82 87"
Unger,Uta,UtaUnger@einrot.com,"Ollenhauer Str. 45",70435,"Stuttgart Stammheim","0711 22 51 98"
Traugott,Janina,JaninaTraugott@gustr.com,"Hermannstrasse 12",69126,"Heidelberg Rohrbach","06221 93 60 23"
Eichelberger,Michelle,MichelleEichelberger@rhyta.com,"Meininger Strasse 49",66521,Neunkirchen,"06821 21 26 77"
Naumann,Phillipp,PhillippNaumann@superrito.com,"Grolmanstraße 3",28217,"Bremen Steffensweg","0421 52 19 18"
Koenig,Mathias,MathiasKoenig@gustr.com,"Heinrich Heine Platz 64",02625,Basankwitz,"03591 75 19 53"
Frueh,Sandra,SandraFrueh@superrito.com,"Jenaer Strasse 5",45470,"Mülheim an der Ruhr","0208 76 64 92"
Fisher,Dirk,DirkFisher@fleckens.hu,"Los-Angeles-Platz 62",22299,"Hamburg Winterhude","040 19 72 43"
Shuster,Mathias,MathiasShuster@dayrep.com,"Karl-Liebknecht-Strasse 72",23826,Bark,"04195 82 87 57"
Krause,Dominik,DominikKrause@cuvox.de,"Unter den Linden 58",39041,Magdeburg,"0391 10 21 53"