Gerste,Sara,SaraGerste@dayrep.com,"Sonnenallee 2",86001,Augsburg,"0821 81 22 21"
Vogler,Leah,LeahVogler@jourrapide.com,"Kurfürstenstraße 47",71229,Leonberg,"07152 63 27 71"
Sankt,Ralph,RalphSankt@fleckens.hu,"An der Schillingbrucke 71",73269,Hochdorf,"07355 33 21 19"
Schuhmacher,Mandy,MandySchuhmacher@dayrep.com,"Gruenauer Strasse 55",21255,Dohren,"04182 47 95 27"
Achen,Angelika,AngelikaAchen@einrot.com,"An der Alster 30",26721,Emden,"039052 30 11"
Dresdner,Thomas,ThomasDresdner@einrot.com,"An Der Urania 22",25845,Elisabeth-Sophien-Koog,"04842 55 65 24"
Lehmann,Leon,LeonLehmann@teleworm.us,"Luetzowplatz 20",77933,Lahr,"06566 24 15 61"
Wechsler,Torsten,TorstenWechsler@cuvox.de,"Hollander Strasse 73",56370,Gutenacker,"06439 83 95 22"
Pfaff,Peter,PeterPfaff@superrito.com,"Kastanienallee 42",26529,Osteel,"04934 52 20 18"
Abendroth,Anna,AnnaAbendroth@einrot.com,"Storkower Strasse 40",56412,Oberelbert,"02608 97 57 82"
Bayer,Jörg,JorgBayer@jourrapide.com,"Alsterkrugchaussee 24",91194,Lauf,"09123 21 99 86"
Moeller,Niklas,NiklasMoeller@jourrapide.com,"Stuttgarter Platz 94",06895,Assau,"02604 75 53 79"
Shuster,Eric,EricShuster@jourrapide.com,"Alt-Moabit 36",14901,Jütebog,"03372 32 72 86"
Hoover,Mandy,MandyHoover@gustr.com,"Leipziger Strasse 34",65187,Wiesbaden,"0611 68 42 70"
Schmid,Felix,FelixSchmid@gustr.com,"Motzstr. 57",55578,Vendersheim,"06732 60 53 57"
Achen,Lea,LeaAchen@rhyta.com,"Park Str. 74",40477,"Düsseldorf Pempelfort","0211 73 12 00"
Nussbaum,Klaus,KlausNussbaum@jourrapide.com,"Hochstrasse 7",25862,Goldebek,"04673 67 70 62"
Fiedler,Michelle,MichelleFiedler@superrito.com,"Luetzowplatz 76",54668,Kaschenbach,"06568 61 44 99"
Meister,Johanna,JohannaMeister@superrito.com,"Spresstrasse 83",33619,"Bielefeld Kirchdornberg","0521 70 38 53"
Rothschild,Karolin,KarolinRothschild@fleckens.hu,"Ruschestrasse 20",39602,Osterburg,"03937 78 26 90"
Egger,Jana,JanaEgger@gustr.com,"Lietzenburger Straße 40",49838,Wettrup,"05909 16 82 42"
Bürger,Niklas,NiklasBurger@cuvox.de,"Ziegelstr. 77",94074,Freyung,"08551 47 87 46"
Meyer,Anke,AnkeMeyer@fleckens.hu,"Meininger Strasse 97",66512,Neunkirchen,"06821 68 90 87"
Hoffmann,Katharina,KatharinaHoffmann@einrot.com,"Am Borsigturm 85",41464,"Neuss Westfeld","02137 42 36 03"
Schultz,Dennis,DennisSchultz@armyspy.com,"Bleibtreustrasse 64",32289,Rödinghausen,"05223 20 59 36"
Nussbaum,Markus,MarkusNussbaum@teleworm.us,"Prenzlauer Allee 7",04134,Leipzig,"0341 52 20 55"
Waechter,Tanja,TanjaWaechter@superrito.com,"Straße der Pariser Kommune 25",44287,Dortmund,"0231 72 30 51"
Gärtner,Stefanie,StefanieGartner@cuvox.de,"Brandenburgische Str. 37",74172,Neckarsulm,"07132 75 28 16"
Mayer,Karin,KarinMayer@einrot.com,"Hermannstrasse 64",69115,"Heidelberg Weststadt","06221 90 98 54"
Braun,Ralph,RalphBraun@einrot.com,"Nuernbergerstrasse 72",26409,Wittmund,"04462 20 68 23"
Faber,Martina,MartinaFaber@cuvox.de,"Bleibtreustrasse 34",32756,"Detmold Heiligenkirchen","05231 91 14 89"
Gruenewald,Jürgen,JurgenGruenewald@armyspy.com,"Gotzkowskystrasse 82",57614,Fluterschen,"02681 84 95 23"
Schwab,Sabrina,SabrinaSchwab@dayrep.com,"Rankestraße 1",85280,Wolnzach,"08442 89 78 11"
Metzger,Sandra,SandraMetzger@superrito.com,"Ansbacher Strasse 94",54608,Sellerich,"06551 66 20 20"
Scherer,Franziska,FranziskaScherer@einrot.com,"Jenaer Strasse 56",42281,"Wuppertal Barmen","0202 46 44 94"
Sommer,Christin,ChristinSommer@gustr.com,"Rankestraße 7",86701,Rohrenfels,"08431 39 87 57"
Grunewald,Mike,MikeGrunewald@gustr.com,"Schönhauser Allee 51",79365,Rheinhausen,"07643 12 42 16"
Schuhmacher,Kristin,KristinSchuhmacher@fleckens.hu,"Alt-Moabit 74",06602,Naumburg,"03445 65 18 69"
Schroeder,Sabrina,SabrinaSchroeder@teleworm.us,"Hans-Grade-Allee 54",24823,Schleswig,"04621 31 34 56"
Nagel,Martina,MartinaNagel@gustr.com,"Hollander Strasse 12",35463,Fernwald,"06404 77 33 54"
Kaufmann,Sven,SvenKaufmann@superrito.com,"Rankestraße 90",82330,Berg,"08433 76 72 55"
Kunze,Jörg,JorgKunze@fleckens.hu,"Grosse Praesidenten Str. 2",67699,Schneckenhausen,"06301 80 12 55"
Gruenewald,Sven,SvenGruenewald@gustr.com,"Konstanzer Strasse 88",61197,Florstadt,"06035 15 80 42"
Schulz,Doreen,DoreenSchulz@gustr.com,"Hochstrasse 64",25926,Bramstedtlund,"04666 13 05 00"
Moench,Kerstin,KerstinMoench@einrot.com,"Bleibtreustrasse 16",32676,Lügde,"05281 51 79 92"
Braun,Michelle,MichelleBraun@einrot.com,"Schoenebergerstrasse 78",49586,Neuenkirchen,"03834 26 95 66"
Scholz,Claudia,ClaudiaScholz@jourrapide.com,"Unter den Linden 14",19033,Schwerin,"0385 13 15 29"
Hoover,Luca,LucaHoover@dayrep.com,"Brandenburgische Straße 80",10997,"Berlin Kreuzberg","030 38 79 80"
Richter,Frank,FrankRichter@armyspy.com,"Meininger Strasse 4",66587,Merchweiler,"06825 20 05 85"
Kirsch,Kristian,KristianKirsch@fleckens.hu,"Budapester Strasse 36",24514,Neumünster,"04321 27 69 70"
Diederich,Kristin,KristinDiederich@armyspy.com,"Ruschestrasse 72",19370,Dargelütz,"03871 49 88 36"
Kuefer,Mathias,MathiasKuefer@rhyta.com,"Brandenburgische Str 72",55430,Oberwesel,"06741 67 42 44"
Roth,Ute,UteRoth@dayrep.com,"Rosenstrasse 22",81613,München,"089 15 05 85"
Zimmer,Anna,AnnaZimmer@jourrapide.com,"Lietzenburger Strasse 84",50259,Pulheim,"02238 61 95 46"
Maurer,Klaudia,KlaudiaMaurer@dayrep.com,"Lietzenburger Strasse 4",50259,Pulheim,"02238 98 67 62"
Gerste,Juliane,JulianeGerste@einrot.com,"Genslerstraße 5",10787,"Berlin Schöneberg","030 89 22 02"
Pfeiffer,Dieter,DieterPfeiffer@jourrapide.com,"Budapester Strasse 54",24511,Neumünster,"04321 44 93 03"
Kohl,Kathrin,KathrinKohl@einrot.com,"Reeperbahn 87",18202,"Bad Doberan","038203 51 99"
Köhler,Birgit,BirgitKohler@fleckens.hu,"An der Schillingbrucke 98",89143,Blaubeuren,"07344 81 91 10"
Gerste,David,DavidGerste@superrito.com,"Lange Strasse 60",85701,Unterschleißheim,"089 58 36 01"
Bachmeier,Klaudia,KlaudiaBachmeier@armyspy.com,"An der Schillingbrucke 25",02748,Bernstadt,"07348 97 30 90"
Eichmann,Ralf,RalfEichmann@dayrep.com,"Ellmenreichstrasse 48",96364,Marktrodach,"09223 17 94 60"
Fuerst,Angelika,AngelikaFuerst@superrito.com,"Ellmenreichstrasse 76",91334,Hemhofen,"09195 98 17 30"
Gärtner,Diana,DianaGartner@jourrapide.com,"Budapester Strasse 84",27232,Sulingen,"04271 77 35 63"
Austerlitz,Petra,PetraAusterlitz@fleckens.hu,"Billwerder Neuer Deich 93",95153,Kirchenlamitz,"09284 64 97 86"
Peters,Jens,JensPeters@rhyta.com,"Brandenburgische Str 94",55413,Niederheimbach,"06743 82 79 50"
Ebersbacher,Daniel,DanielEbersbacher@fleckens.hu,"Flotowstr. 37",06352,Köthen,"03496 17 88 73"
Schulze,Uta,UtaSchulze@gustr.com,"Brandenburgische Str 6",55278,Hahnheim,"06737 72 59 87"
Herrmann,Ulrich,UlrichHerrmann@rhyta.com,"Brandenburgische Straße 47",12099,"Berlin Neukölln","030 85 79 37"
Papst,Tobias,TobiasPapst@dayrep.com,"Büsingstrasse 16",82213,Maisach,"08135 81 96 45"
Frueh,Kerstin,KerstinFrueh@dayrep.com,"Mellingburgredder 35",91015,Erlangen,"09131 32 36 42"
Schuster,Karolin,KarolinSchuster@dayrep.com,"Lietzenburger Straße 19",29584,Himbergen,"05828 15 90 24"
Urner,Leah,LeahUrner@cuvox.de,"An der Alster 78",19307,Lenzen,"038792 61 62"
Friedmann,Johanna,JohannaFriedmann@einrot.com,"Billwerder Neuer Deich 4",95458,"Bad Berneck","09273 83 96 33"
Schreiner,Alexander,AlexanderSchreiner@einrot.com,"Kastanienallee 59",25889,Uelvesbüll,"04864 55 44 92"
Freud,Benjamin,BenjaminFreud@fleckens.hu,"Prenzlauer Allee 11",04189,Leipzig,"0341 84 86 57"
Frueh,Steffen,SteffenFrueh@einrot.com,"Billwerder Neuer Deich 52",96265,Mitwitz,"09266 73 33 21"
Lemann,Kristin,KristinLemann@jourrapide.com,"Billwerder Neuer Deich 59",96356,Teuschnitz,"09268 80 52 06"
Gruenewald,Kerstin,KerstinGruenewald@armyspy.com,"Genterstrasse 67",24029,Kiel,"0431 47 92 18"
Barth,Sven,SvenBarth@einrot.com,"Park Str. 58",40211,"Düsseldorf Stadtmitte","0211 83 78 84"
Scholz,Angelika,AngelikaScholz@superrito.com,"Güntzelstrasse 56",54518,Minheim,"06507 84 28 72"
Kohler,Maik,MaikKohler@fleckens.hu,"Schönwalder Allee 92",24229,Dänischenhagen,"04349 92 37 60"
Scherer,Kristian,KristianScherer@einrot.com,"Knesebeckstraße 63",52499,Baesweiler,"02401 89 88 69"
Wolf,Karolin,KarolinWolf@armyspy.com,"Rathausstrasse 54",90011,Nürnberg,"0911 36 90 80"
Wulf,Ursula,UrsulaWulf@superrito.com,"Alt-Moabit 73",04572,Deutzen,"03433 66 86 71"
Maier,Christin,ChristinMaier@fleckens.hu,"Gotzkowskystrasse 5",56814,Faid,"02671 65 10 57"
Kohler,Florian,FlorianKohler@teleworm.us,"Charlottenstrasse 63",03009,Cottbus,"0355 69 84 89"
Gottschalk,Franziska,FranziskaGottschalk@rhyta.com,"Esplanade 48",63907,Klingenberg,"09372 76 94 62"
Ritter,Ulrich,UlrichRitter@dayrep.com,"Hardenbergstraße 57",66887,Niederalben,"06387 20 41 23"
Amsel,Wolfgang,WolfgangAmsel@superrito.com,"Kastanienallee 3",24591,Hohenwestedt,"04871 15 25 44"
Cole,Anja,AnjaCole@cuvox.de,"Meininger Strasse 59",66514,Neunkirchen,"06821 23 17 01"
Baier,Christin,ChristinBaier@gustr.com,"Lietzenburger Straße 56",29471,Gartow,"05846 45 86 89"
Theissen,Maik,MaikTheissen@rhyta.com,"Brandenburgische Str 3",55569,Monzingen,"06751 73 66 54"
Roth,Diana,DianaRoth@cuvox.de,"Stresemannstr. 58",66802,Überherrn,"06836 73 23 11"
Luft,Birgit,BirgitLuft@armyspy.com,"Rosenstrasse 73",81317,München,"089 72 09 98"
Nadel,Uta,UtaNadel@einrot.com,"Paderborner Strasse 30",86570,Inchenhofen,"08253 43 99 49"
Grunwald,Antje,AntjeGrunwald@armyspy.com,"Boxhagener Str. 61",21079,"Hamburg Harburg","040 44 79 59"
Ebersbach,Julia,JuliaEbersbach@einrot.com,"Alt Reinickendorf 63",86405,Meitingen,"08271 37 47 60"
Nagel,Sabrina,SabrinaNagel@gustr.com,"Luckenwalder Strasse 25",31619,Binnen,"05023 66 97 34"
Nussbaum,Martina,MartinaNussbaum@superrito.com,"Fontenay 19",95680,"Bad Alexandersbad","09231 78 60 32"
Faerber,Christin,ChristinFaerber@jourrapide.com,"Rohrdamm 85",32051,"Herford Laar","05221 86 81 74"
Kunze,Anke,AnkeKunze@teleworm.us,"Rankestraße 56",94053,Pocking,"08503 47 92 77"
Eisenhower,Jan,JanEisenhower@superrito.com,"Pohlstrasse 77",38315,Werlaburgdorf,"05334 17 85 72"
Baumgartner,Lisa,LisaBaumgartner@cuvox.de,"Kurfuerstendamm 63",85742,Garching,"089 74 93 73"
Schulze,Ulrike,UlrikeSchulze@teleworm.us,"Rudower Strasse 57",54597,Ormont,"06556 86 69 12"
Hertz,Ines,InesHertz@cuvox.de,"Paul-Nevermann-Platz 8",97631,"Bad Königshofen","09761 66 22 61"
Friedmann,Tom,TomFriedmann@superrito.com,"Scharnweberstrasse 85",68305,"Mannheim Gartenstadt","06211 55 88 67"
Kaufmann,Kristian,KristianKaufmann@teleworm.us,"Knesebeckstrasse 39",57632,Reiferscheid,"02685 59 21 58"
Waechter,Maximilian,MaximilianWaechter@rhyta.com,"Mühlenstrasse 72",93041,Regensburg,"0941 75 67 41"
Vogel,Mandy,MandyVogel@gustr.com,"Luebecker Strasse 79",96175,Pettstadt,"09502 54 76 47"
Dietrich,Klaudia,KlaudiaDietrich@jourrapide.com,"Budapester Strasse 52",24515,Neumünster,"04321 96 97 89"
Hofmann,Erik,ErikHofmann@fleckens.hu,"Koepenicker Str. 45",92611,Weiden,"06785 69 81 00"
Klein,Diana,DianaKlein@superrito.com,"Pohlstrasse 55",97280,Remlingen,"05336 44 50 50"
Schwarz,Daniela,DanielaSchwarz@jourrapide.com,"Wallstrasse 93",53579,Erpel,"02644 12 49 49"
Trommler,Klaudia,KlaudiaTrommler@teleworm.us,"Waßmannsdorfer Chaussee 61",15728,Eichwalde,"030 60 91 66"
Neudorf,Marco,MarcoNeudorf@gustr.com,"Konstanzer Strasse 96",63843,Niedernberg,"06028 31 86 92"
Schroder,Tim,TimSchroder@armyspy.com,"Koenigstrasse 35",72531,Hohenstein,"036336 55 88"
Trommler,Jan,JanTrommler@cuvox.de,"Am Borsigturm 20",40878,"Ratingen Zentrum","02102 38 07 94"
Kastner,Katja,KatjaKastner@fleckens.hu,"Koenigstrasse 10",99897,Tambach-Dietharz,"036252 86 32"
Holzman,Sophia,SophiaHolzman@jourrapide.com,"Büsingstrasse 30",85236,Petershausen,"08137 15 60 43"
Fried,Melanie,MelanieFried@dayrep.com,"Sömmeringstr. 41",76751,Jockgrim,"07271 23 81 88"
Kappel,Kerstin,KerstinKappel@einrot.com,"Knesebeckstraße 24",58809,Neuenrade,"02375 90 07 77"
Bach,Frank,FrankBach@teleworm.us,"Schmarjestrasse 91",04892,Falkenberg,"033451 66 33"
Köhler,Gabriele,GabrieleKohler@gustr.com,"Feldstrasse 95",39536,Havelberg,"039387 76 13"
Hoch,Melanie,MelanieHoch@dayrep.com,"Pohlstrasse 46",38678,Clausthal-Zellerfeld,"05323 33 69 35"
Hertz,Sabrina,SabrinaHertz@gustr.com,"Brandenburgische Straße 41",12053,"Berlin Neukölln","030 71 51 73"
Urner,Michelle,MichelleUrner@cuvox.de,"Leipziger Straße 97",37197,Hattorf,"05584 65 99 66"
Kappel,Melanie,MelanieKappel@einrot.com,"Schmarjestrasse 47",15322,Letschin,"033475 56 31"
Oster,Ulrike,UlrikeOster@jourrapide.com,"Nuernbergerstrasse 67",23833,"Bad Oldesloe","04531 25 21 03"
Brauer,Jens,JensBrauer@superrito.com,"Messedamm 20",06116,Halle,"0345 51 64 70"
Bosch,Heike,HeikeBosch@superrito.com,"Schönhauser Allee 54",79288,Gottenheim,"07665 11 93 63"
Urner,Kerstin,KerstinUrner@jourrapide.com,"Mollstrasse 94",64283,Darmstadt,"06151 81 67 06"
Schmidt,Jürgen,JurgenSchmidt@dayrep.com,"Kurfürstendamm 59",18181,Rostock,"0381 66 47 65"
Neumann,Paul,PaulNeumann@fleckens.hu,"Schillerstrasse 55",86545,Aichach,"08207 67 33 68"
Faerber,Doreen,DoreenFaerber@cuvox.de,"Leipziger Strasse 70",54296,"Trier Kernscheid","0651 89 60 31"
Grunwald,Sven,SvenGrunwald@cuvox.de,"Genslerstraße 3",10785,"Berlin Schöneberg","030 87 01 20"
Möller,Marie,MarieMoller@gustr.com,"Kastanienallee 86",25585,Lütjenwestedt,"04872 62 62 24"
Wagner,Torsten,TorstenWagner@teleworm.us,"Kantstraße 20",09401,Zschopau,"03725 23 94 48"
Gottlieb,Anke,AnkeGottlieb@rhyta.com,"Landhausstraße 49",16311,Bernau,"03338 67 71 87"
Bieber,Janina,JaninaBieber@einrot.com,"Leopoldstraße 94",12627,"Berlin Hellersdorf","030 61 41 94"
Ehrlichmann,Robert,RobertEhrlichmann@jourrapide.com,"Hoheluftchaussee 28",06638,Karsdorf,"034461 84 15"
Schuhmacher,Sebastian,SebastianSchuhmacher@superrito.com,"Borstelmannsweg 65",96401,Coburg,"09561 29 60 69"
Bauer,Torsten,TorstenBauer@jourrapide.com,"Hollander Strasse 46",56370,Gutenacker,"06439 16 09 68"
Herzog,Uwe,UweHerzog@dayrep.com,"Albrechtstrasse 46",94010,Passau,"0851 23 18 08"
Pabst,Manuela,ManuelaPabst@armyspy.com,"Rhinstrasse 53",80905,München,"089 33 98 04"
Shuster,Jürgen,JurgenShuster@armyspy.com,"Schillerstrasse 13",85375,Neufahrn,"08165 82 05 39"
Lowe,Yvonne,YvonneLowe@teleworm.us,"Wallstrasse 49",56761,Gamlen,"02653 51 72 45"
Pfeifer,Jonas,JonasPfeifer@dayrep.com,"Rudower Strasse 97",54597,Burbach,"06556 56 15 71"
Bumgarner,Erik,ErikBumgarner@cuvox.de,"Heiligengeistbrücke 70",91734,Mitteleschenbach,"09871 86 95 42"
Kalb,Luca,LucaKalb@fleckens.hu,"Bayreuther Strasse 96",72760,"Reutlingen Römerschanze","071 70 51 10"
Friedmann,Heike,HeikeFriedmann@fleckens.hu,"Heiligengeistbrücke 12",91726,Gerolfingen,"09854 61 18 90"
Reinhard,Melanie,MelanieReinhard@jourrapide.com,"Augsburger Strasse 35",57567,Daaden,"02743 17 92 22"
Seiler,Marina,MarinaSeiler@dayrep.com,"Fugger Strasse 76",14473,Potsdam,"0331 20 26 95"
Bar,Heike,HeikeBar@jourrapide.com,"Brandenburgische Strasse 51",76831,"Ilbesheim bei Landau in der Pfalz","06341 19 44 91"
Rothschild,Lisa,LisaRothschild@fleckens.hu,"Bayreuther Strasse 37",72762,"Reutlingen Lerchenbuckel","071 59 73 24"
Eggers,Maria,MariaEggers@superrito.com,"Rudolstaedter Strasse 70",63757,Großostheim,"06026 45 69 05"
Oster,Katrin,KatrinOster@gustr.com,"Brandenburgische Strasse 77",67273,Dackenheim,"06353 54 81 43"
Brauer,Sabrina,SabrinaBrauer@jourrapide.com,"Hollander Strasse 8",56414,Weroth,"06435 15 04 47"
Eichmann,Jennifer,JenniferEichmann@gustr.com,"Leipziger Straße 28",37154,Northeim,"05551 58 30 85"
Schreiber,Sophia,SophiaSchreiber@einrot.com,"An Der Urania 26",25548,Auufer,"04822 34 86 81"
Engel,Jörg,JorgEngel@rhyta.com,"Eschenweg 75",98563,Schmalkalden,"03683 29 72 08"
Eberhart,Barbara,BarbaraEberhart@einrot.com,"Koepenicker Str. 12",73262,Reichenbach,"06783 38 51 99"
Bohm,Matthias,MatthiasBohm@fleckens.hu,"Schönwalder Allee 38",23770,Westfehmarn,"04372 13 54 01"
Lang,Steffen,SteffenLang@superrito.com,"Knesebeckstraße 37",52459,Inden,"02423 17 48 59"
Baumgaertner,Maria,MariaBaumgaertner@superrito.com,"An der Schillingbrucke 94",73340,Amstetten,"07323 96 62 22"
Schröder,Petra,PetraSchroder@gustr.com,"Ruschestrasse 1",39631,Gardelegen,"03907 20 67 78"
Theiss,Angelika,AngelikaTheiss@superrito.com,"Paderborner Strasse 31",85250,Altomünster,"08250 36 60 07"
Krueger,Martina,MartinaKrueger@superrito.com,"Stuttgarter Platz 70",56337,Arzbach,"02603 77 16 50"
Jaeger,Lukas,LukasJaeger@gustr.com,"Kurfürstenstraße 75",73037,"Göppingen Hohenstaufen","07165 98 38 33"
Abendroth,Maria,MariaAbendroth@jourrapide.com,"Pohlstrasse 58",38387,Söllingen,"05354 94 49 41"
Eisenhauer,Karolin,KarolinEisenhauer@einrot.com,"Büsingstrasse 35",85752,Karlsfeld,"08131 32 69 21"
Hoover,Kristin,KristinHoover@superrito.com,"Billwerder Neuer Deich 52",95118,Naila,"09282 64 17 91"
Schreiber,Jessica,JessicaSchreiber@cuvox.de,"Mühlenstrasse 41",93059,Regensburg,"0941 44 55 32"
Schäfer,Jan,JanSchafer@teleworm.us,"Pasewalker Straße 76",75177,"Pforzheim Nordweststadt","07231 24 17 63"
Bauer,Stephan,StephanBauer@fleckens.hu,"Lietzenburger Straße 39",49762,Sustrum,"05939 67 51 03"
Dresner,Angelika,AngelikaDresner@fleckens.hu,"Inge Beisheim Platz 80",25350,Barmstedt,"04123 99 61 57"
Konig,Thomas,ThomasKonig@jourrapide.com,"Sömmeringstr. 27",75203,Königsbach-Stein,"07232 95 71 29"
Decker,Stefanie,StefanieDecker@dayrep.com,"Brandenburgische Str. 82",75447,Sternenfels,"07043 34 32 88"
Adler,Sven,SvenAdler@cuvox.de,"Fasanenstrasse 30",22359,"Hamburg Rahlstedt","040 25 86 62"
Schweizer,Johanna,JohannaSchweizer@einrot.com,"Hardenbergstraße 6",66871,Etschberg,"06381 25 96 68"
Werner,Thomas,ThomasWerner@rhyta.com,"Karl-Liebknecht-Strasse 96",02906,Attendorf,"04191 99 67 57"
Schultheiss,Monika,MonikaSchultheiss@rhyta.com,"Schaarsteinweg 52",84085,Langquaid,"09452 94 25 01"
Herz,David,DavidHerz@armyspy.com,"Am Borsigturm 21",41462,"Neuss Weissenberg","02137 35 42 39"
Hartmann,Phillipp,PhillippHartmann@cuvox.de,"Ziegelstr. 35",94078,Freyung,"08551 54 78 47"
Gottschalk,Anja,AnjaGottschalk@gustr.com,"Ruschestrasse 37",39401,Staßfurt,"03925 62 27 91"
Schreiber,Simone,SimoneSchreiber@armyspy.com,"Ollenhauer Str. 15",70619,"Stuttgart Riedenberg","0711 72 65 04"
Gloeckner,Kristian,KristianGloeckner@superrito.com,"Hochstrasse 89",25961,Westerland,"04651 95 11 06"
Cole,Stephanie,StephanieCole@fleckens.hu,"Guentzelstrasse 35",34637,Schrecksbach,"06698 27 01 10"
Pfeffer,Silke,SilkePfeffer@gustr.com,"Heinrich Heine Platz 77",91331,Heiligenstadt,"03606 41 25 00"
Ziegler,Michael,MichaelZiegler@jourrapide.com,"Waßmannsdorfer Chaussee 61",14199,"Berlin Wilmersdorf","030 24 73 97"
Koch,Thomas,ThomasKoch@cuvox.de,"Los-Angeles-Platz 37",22177,"Hamburg Steilshoop","040 29 84 31"
Klein,Marie,MarieKlein@teleworm.us,"Albrechtstrasse 7",86316,Friedberg,"0821 72 08 68"
Pfaff,Uta,UtaPfaff@armyspy.com,"Hermannstrasse 93",69251,Gaiberg,"06223 35 75 23"
Trommler,Juliane,JulianeTrommler@cuvox.de,"Neuer Jungfernstieg 90",84333,Malgersdorf,"08727 25 36 22"
Brauer,Sara,SaraBrauer@cuvox.de,"Genterstrasse 19",28844,Weyhe,"0421 28 03 86"
Maur,Janina,JaninaMaur@rhyta.com,"Gotzkowskystrasse 18",56479,Stein-Neukirch,"02667 10 78 90"
Loewe,Martin,MartinLoewe@dayrep.com,"Rudower Strasse 45",54634,Bitburg,"06561 85 30 56"
Vogel,Felix,FelixVogel@gustr.com,"Boxhagener Str. 61",22159,"Hamburg Farmsen-Berne","040 89 35 74"
Fiedler,Diana,DianaFiedler@gustr.com,"Rosenstrasse 29",81505,München,"089 68 63 79"
Schwartz,Karin,KarinSchwartz@cuvox.de,"Bissingzeile 35",27616,Frelsdorf,"04749 94 58 32"
Ehrlichmann,Lea,LeaEhrlichmann@gustr.com,"Heinrich Heine Platz 18",37302,"Heilbad Heiligenstadt","03606 15 69 36"
Müller,Marcel,MarcelMuller@teleworm.us,"Schoenebergerstrasse 99",08291,Lößnitz,"03771 81 00 08"
Fenstermacher,Klaus,KlausFenstermacher@superrito.com,"Paul-Nevermann-Platz 90",97532,Üchtelhausen,"09720 83 46 33"
Bumgarner,Mario,MarioBumgarner@armyspy.com,"Brandenburgische Strasse 72",67294,Morschheim,"06352 49 24 76"
Bohm,Kristian,KristianBohm@gustr.com,"Amsinckstrasse 39",03223,Vetschau,"035433 23 36"
Wagner,Kristin,KristinWagner@superrito.com,"Augsburger Straße 89",51597,Morsbach,"02291 79 20 67"
Fuhrmann,Wolfgang,WolfgangFuhrmann@rhyta.com,"Augsburger Straße 58",58453,"Witten Rüdinghausen","02302 47 92 80"
Koenig,Daniel,DanielKoenig@teleworm.us,"Brandenburgische Strasse 8",67308,Rüssingen,"06355 87 88 08"
Feierabend,Patrick,PatrickFeierabend@fleckens.hu,"Landsberger Allee 98",80052,München,"089 41 44 98"
Schuhmacher,Mike,MikeSchuhmacher@einrot.com,"Kantstrasse 34",90431,Nürnberg,"0911 93 67 87"
Schreiner,Leon,LeonSchreiner@cuvox.de,"An der Alster 45",23994,"Bad Kleinen","038423 66 97"
Brauer,René,ReneBrauer@rhyta.com,"Hans-Grade-Allee 91",23782,"Bad Segeberg","04551 39 19 74"
Foerster,Kerstin,KerstinFoerster@armyspy.com,"Grolmanstraße 23",28201,"Bremen Südervorstadt","0421 26 90 77"
Fiedler,Nadine,NadineFiedler@armyspy.com,"Guentzelstrasse 22",97791,Obersinn,"06665 89 92 15"
Kaestner,Ulrich,UlrichKaestner@fleckens.hu,"Jenaer Strasse 36",45130,Essen,"0201 53 37 72"
Baader,Bernd,BerndBaader@gustr.com,"Alter Wall 30",63924,Kleinheubach,"09371 92 41 59"
Schwartz,Christian,ChristianSchwartz@rhyta.com,"Storkower Strasse 33",56244,Steinen,"02626 55 20 70"
Wirtz,Sophie,SophieWirtz@gustr.com,"Mühlenstrasse 38",93049,Regensburg,"0941 76 82 86"
Schweizer,Wolfgang,WolfgangSchweizer@jourrapide.com,"Chausseestr. 15",21451,Reinbek,"04104 35 05 49"
Gerber,Jana,JanaGerber@einrot.com,"Storkower Strasse 96",56244,Niedersayn,"02626 98 17 72"
Frueh,Thorsten,ThorstenFrueh@gustr.com,"Michaelkirchstr. 95",32425,"Minden Päpinghausen","05704 84 94 66"
Burger,Anke,AnkeBurger@einrot.com,"Alt Reinickendorf 49",86670,Thierhaupten,"08271 65 28 88"
Hueber,Steffen,SteffenHueber@einrot.com,"Fugger Strasse 36",46485,Wesel,"0281 97 60 84"
Scherer,Martina,MartinaScherer@cuvox.de,"Scharnweberstrasse 32",68535,Edingen-Neckarhausen,"06203 25 57 71"
Junker,Leah,LeahJunker@armyspy.com,"Brandenburgische Strasse 72",67363,Lustadt,"06347 46 13 65"
Freytag,Birgit,BirgitFreytag@jourrapide.com,"Brandenburgische Str. 68",74254,Offenau,"07136 41 00 67"
Egger,Annett,AnnettEgger@teleworm.us,"Sonnenallee 77",86041,Augsburg,"0821 40 39 68"
Duerr,Kathrin,KathrinDuerr@rhyta.com,"Gotzkowskystrasse 8",56271,Mündersbach,"02680 54 58 51"
Fried,Marcel,MarcelFried@superrito.com,"Schönhauser Allee 20",79285,Ebringen,"07664 12 50 26"
Wannemaker,Marco,MarcoWannemaker@einrot.com,"Gotzkowskystrasse 24",54552,Utzerath,"02676 68 46 74"
Zimmermann,Sabrina,SabrinaZimmermann@dayrep.com,"Hardenbergstraße 74",66871,Herchweiler,"06384 48 10 80"
Blau,Daniel,DanielBlau@rhyta.com,"Lietzensee-Ufer 29",02807,Görlitz,"03581 59 12 96"
Baum,Petra,PetraBaum@jourrapide.com,"Konstanzer Strasse 2",63811,Stockstadt,"06027 69 25 74"
Baecker,Eric,EricBaecker@superrito.com,"Genslerstraße 54",12161,"Berlin Steglitz","030 15 30 69"
Pfeiffer,Yvonne,YvonnePfeiffer@gustr.com,"Kantstrasse 44",90522,Oberasbach,"0911 65 91 43"
Kohl,Ralph,RalphKohl@jourrapide.com,"Gruenauer Strasse 22",21274,Undeloh,"04175 35 90 96"
Gerste,Karin,KarinGerste@teleworm.us,"Lützowplatz 11",54578,Basberg,"06593 13 54 83"
Frueh,Karolin,KarolinFrueh@superrito.com,"Meinekestraße 95",37079,Göttingen,"05502 61 96 89"
Dietrich,Ines,InesDietrich@armyspy.com,"Gotzkowskystrasse 89",56477,Nister-Möhrendorf,"02667 61 99 20"
Bieber,Jessika,JessikaBieber@teleworm.us,"Prager Str 55",82291,Mammendorf,"08145 59 05 53"
Faerber,Tobias,TobiasFaerber@superrito.com,"Knesebeckstrasse 61",56269,Dierdorf,"02689 36 50 67"
Wechsler,Kevin,KevinWechsler@jourrapide.com,"Sonnenallee 56",86183,Augsburg,"0821 82 31 69"